slug,title,meta_desc,primary_kw,category,last_mod,comparison_data,intro_text,affiliate_link,cta_service
drata-vs-vanta-2026-comparison,Drata vs Vanta 2026: The AI Compliance Showdown,A technical head-to-head of Drata and Vanta for 2026. Compare ISO 42001 automation capabilities and deep-tech auditing.,Drata vs Vanta,Comparisons,15-02-2026,API Depth:Tier 1;ISO 42001:Native;AI RMF:Full;Auto-Evidence:90%,[INSERT_YOUR_CONTENT_HERE] CSV_COMPARISON_DATA:Drata:StrongerAIAdaptability;Vanta:BroaderMarketAdoption;BusinessRiskReduction:DrataHigher,https://vanta.com/partner,https://calendly.com/audit-consult
best-vanta-alternatives-2026,5 Best Vanta Alternatives for AI Startups,"Explore the top Vanta alternatives in 2026. Compare Drata, Sprinto, and Scytale for rapid SOC 2 and ISO 42001 readiness.",Vanta Alternatives,Market Research,14-02-2026,Top Pick:Drata;Best Value:Sprinto;Niche:Scytale;Global:Secureframe,[INSERT_YOUR_CONTENT_HERE] CSV_COMPARISON_DATA:TopPick:Drata;Value:Sprinto;Niche:Scytale,https://compliance-tool.com/alt,https://calendly.com/audit-consult
best-iso-42001-compliance-software,Best ISO 42001 Compliance Software 2026,Ranked list of the best software for ISO/IEC 42001 (AIMS) automation. Streamline your AI management system audits.,ISO 42001 Software,Governance,13-02-2026,Automation:High;Audit Ready:90 Days;Standard:ISO 42001;Enterprise:Tier 1,[INSERT_YOUR_CONTENT_HERE] CSV_COMPARISON_DATA:BestForISO:Vanta;EnterpriseISO:Drata;Speed:Sprinto,https://compliance-tool.com/iso-software,https://calendly.com/audit-consult
vanta-pricing-guide-2026,Vanta Pricing Guide 2026: Hidden Costs Revealed,"A transparent breakdown of Vanta pricing for 2026. Understanding the cost of SOC 2, ISO 42001, and HIPAA modules.",Vanta Pricing,Guides,12-02-2026,"Starting Est:$7,500;Audit Fee:External;ISO Module:+$3k;Support:24/7",[INSERT_YOUR_CONTENT_HERE] CSV_COMPARISON_DATA:Base:7500;ISOAddon:3000;Audit:Varies,https://vanta.com/pricing,https://calendly.com/audit-consult
automated-soc2-for-ai-companies,Automated SOC 2 for AI Companies: 2026 Guide,How AI-native startups are achieving SOC 2 Type II in record time using automated evidence collection for GPU pipelines.,SOC 2 for AI,Compliance,11-02-2026,Time:6-8 Weeks;Evidence:Continuous;Audit Type:Type II;Trust:Security,[INSERT_YOUR_CONTENT_HERE] CSV_COMPARISON_DATA:Speed:High;ManualEffort:Low;AuditReady:Fast,https://compliance-tool.com/soc2-ai,https://calendly.com/audit-consult
best-drata-alternatives-2026,Top Drata Alternatives for Enterprise Compliance,"A technical look at Drata competitors. Compare Vanta, Secureframe, and Thoropass for enterprise-scale AI governance.",Drata Alternatives,Market Research,10-02-2026,Enterprise:Vanta;Simplicity:Sprinto;Audit:Thoropass;Global:Secureframe,[INSERT_YOUR_CONTENT_HERE] CSV_COMPARISON_DATA:Alt1:Vanta;Alt2:Secureframe;Alt3:Thoropass,https://compliance-tool.com/drata-alt,https://calendly.com/audit-consult
scytale-vs-vanta-head-to-head,Scytale vs Vanta: Which is Better for AI?,Comparing Scytale and Vanta for automated compliance. Why Scytale is winning the European AI startup market.,Scytale vs Vanta,Comparisons,09-02-2026,Scytale Edge:High-Touch;Vanta Edge:Automation;Market:Global;Focus:SOC2/ISO,[INSERT_YOUR_CONTENT_HERE] CSV_COMPARISON_DATA:Scytale:Managed;Vanta:SaaS;Support:ScytaleWins,https://scytale.ai/start,https://calendly.com/audit-consult
sprinto-vs-drata-review,Sprinto vs Drata: 2026 Technical Review,Is Sprinto a viable Drata alternative for AI governance? Technical analysis of evidence collection and pricing.,Sprinto vs Drata,Comparisons,08-02-2026,Value:Sprinto;Scale:Drata;Speed:Sprinto;Integration:Deep,[INSERT_YOUR_CONTENT_HERE] CSV_COMPARISON_DATA:Sprinto:Faster;Drata:Enterprise;Cost:SprintoLower,https://sprinto.com/demo,https://calendly.com/audit-consult
secureframe-vs-vanta-comparison,Secureframe vs Vanta: The 2026 Enterprise Choice,Comparing Secureframe and Vanta for large-scale AI deployments. Which offers better multi-framework support?,Secureframe vs Vanta,Comparisons,07-02-2026,Multi-Frame:High;Enterprise UI:Tier 1;Integration:AWS/Azure;Auto-Doc:Full,[INSERT_YOUR_CONTENT_HERE] CSV_COMPARISON_DATA:Secureframe:Complex;Vanta:Streamlined;Scale:Both,https://secureframe.com/demo,https://calendly.com/audit-consult
ultimate-eu-ai-act-compliance-checklist,Ultimate EU AI Act Compliance Checklist 2026,Technical checklist for EU AI Act compliance. Ensure your high-risk AI models meet technical documentation and bias standards.,EU AI Act Checklist,Regulatory,06-02-2026,Risk:High/Med/Low;Audit:Mandatory;Penalty:4% Global;Focus:Technical Doc,[INSERT_YOUR_CONTENT_HERE] CSV_COMPARISON_DATA:Risk:High-Impact;Deadline:2026;Documentation:Extensive,https://compliance-tool.com/eu-checklist,https://calendly.com/audit-consult
,,,,,,,,,
,,,,,,,,,
thoropass-vs-vanta-2026,Thoropass vs Vanta 2026: Tech-Enabled Audit vs Automation,Comparing the hybrid audit approach of Thoropass against Vanta's pure automation. Which is safer for AI firms?,Thoropass vs Vanta,Comparisons,16-02-2026,Audit:Integrated;Automation:High;AI-Support:Tier 2;Speed:Fast,"<h2>Thoropass vs Vanta 2026 — Executive introduction and risk framing</h2>
<p>In 2026 the vendor selection question for compliance automation is less about feature checklists and more about measurable business risk reduction. CTOs and GRC leaders at AI startups now evaluate platforms by how effectively they shrink three correlated risks: regulatory exposure under the EU AI Act, procurement friction during enterprise diligence, and operational risk from model drift or agentic system behavior. Thoropass and Vanta take different approaches to this problem. Vanta is a widely adopted generalist known for fast SOC 2 readiness and broad infrastructure connectors. Thoropass is an emerging alternative that emphasizes AI lifecycle evidence, policy as code, and native MLOps integrations. The right choice depends on which exposures are most likely to threaten your growth trajectory and valuation.</p>

<p>Business risk reduction must be the primary decision metric. That requires translating vendor capabilities into operational KPIs that leadership cares about: time to produce complete evidence for a representative high risk model; percent of critical controls under continuous monitoring; mean time to detect model drift or anomalous behavior; and engineering hours required for integration. These KPIs map directly to business outcomes such as shortened sales cycles, fewer audit findings, lower remediation costs, and reduced probability of regulatory enforcement. A vendor that moves those KPIs meaningfully down is the vendor that reduces business risk.</p>

<p>AI specific trends in 2026 make this choice more consequential. Agentic AI has introduced multi step decision traces, session histories, and human override events at high volume. Regulators and buyers now expect lifecycle proof: dataset provenance, model registry entries, timestamped validation artifacts, and tamper evident decision logs. If a compliance platform cannot natively ingest these artifacts, teams build brittle connectors and maintain ad hoc evidence stores. That increases reconstruction risk and the likelihood of incomplete responses during an audit or regulatory inquiry. Thoropass positions itself to close these specific gaps by building native MLOps connectors and evidence immutability features. Vanta remains strong on baseline infrastructure telemetry and auditor workflows.</p>

<h2>Core capability comparison — what reduces risk fastest</h2>

<h3>Integration depth and relevance</h3>
<p>Vanta offers a broad connector footprint for cloud providers, identity services, HR systems, and common developer tools. This breadth reduces procurement friction quickly because many auditors and buyers recognize Vanta artifacts and the platform produces standard SOC 2 evidence rapidly. That shortens time to market for enterprise deals and reduces transactional risk.</p>
<p>Thoropass focuses on MLOps relevance: model registries, feature stores, dataset versioning systems, CI pipelines, and monitoring hooks. For AI teams whose largest exposure is model governance and provenance, Thoropass reduces residual regulatory and operational risk faster because it captures the evidence buyers and regulators will ask for under the EU AI Act.</p>

<h3>Policy as code and evidence immutability</h3>
<p>Vanta automates control checks and evidence collection, but historically its policy abstraction targeted infrastructure and IAM controls. Thoropass builds governance policies as executable artifacts that tie enforcement to pipelines. Policy as code reduces human error and ensures consistent control execution. Coupled with timestamped, tamper-evident evidence stores, this approach lowers the probability of inconsistent documentation during audits.</p>

<h3>Audit and auditor workflows</h3>
<p>Vanta scores highly on auditor collaboration features and established workflows that are familiar to auditors, which reduces audit friction and often shortens auditor hours. That translates into lower direct audit cost and faster SOC 2 completion. Thoropass provides audit workflow support too, but its differentiator is ready mapping from AI lifecycle artifacts to control statements auditors request for high risk models.</p>

<h2>Operational tradeoffs — engineering lift and TCO</h2>

<h3>Time to value</h3>
<p>Vanta typically delivers faster time to baseline compliance because its connectors and templates target common infra and HR systems. That quick time to value reduces short term commercial risk for startups trying to close initial enterprise customers.</p>
<p>Thoropass may require more initial coordination with MLOps teams to expose model registry outputs and dataset snapshots, which adds initial engineering hours. However, that integration pays off when those artifacts are repeatedly requested by buyers or auditors, reducing cumulative evidence assembly time and long term remediation effort.</p>

<h3>Total cost of ownership</h3>
<p>Compare subscription fees plus professional services and internal engineering hours. A lower subscription that forces large integration work is a false economy. Quantify cost against expected reduction in sales cycle length, avoided remediation labor, and potential insurance premium improvements. For companies whose primary exposure is AI lifecycle proof, Thoropass often shows better multi year ROI despite higher initial integration effort.</p>

<h2>Risk-first pilot design</h2>

<h3>Pilot scope</h3>
<p>Run a short pilot that instruments one high risk model pipeline. Include dataset ingestion, model training, validation, and inference. Simulate two diligence scenarios: an enterprise procurement questionnaire and an EU AI Act lifecycle evidence request. Measure the time to compile requested artifacts and classify artifacts produced automatically versus manually.</p>

<h3>Key pilot metrics</h3>
<li>Time to produce a complete evidence package for the model pipeline</li>
<li>Percent of critical AI controls under continuous automated monitoring</li>
<li>Engineering hours required to achieve full evidence automation</li>
<li>Number of ad hoc artifacts still required during an audit</li>

<h2>Governance and organizational readiness</h2>

<h3>Roles and escalation</h3>
<p>Automation is only effective when responsibilities and escalation paths are clear. Ensure the pilot specifies control owners, incident escalation triggers, and review cadences. Platforms reduce risk faster when these programmatic elements are defined.</p>

<h3>Composability strategy</h3>
<p>Many organizations adopt a composable stack: Vanta for rapid baseline infrastructure and procurement readiness, and Thoropass for AI lifecycle capture and regulatory defensibility. This hybrid approach leverages Vanta s speed and Thoropass s AI fidelity to reduce both transactional and systemic risk without vendor lock.</p>

<h2>Final recommendation — pick the tool that shrinks your biggest exposure</h2>
<p>If the most immediate risk is getting enterprise customers over the procurement hump quickly, Vanta is a pragmatic choice because of its rapid onboarding and auditor familiarity. If the primary risk is regulatory exposure under the EU AI Act or repeated evidence requests for model lineage and validation, Thoropass will more effectively reduce long term business risk by producing audit grade AI lifecycle artifacts natively. For many scaling AI companies the optimal path is hybrid: use Vanta to unlock near term deals and Thoropass to harden lifecycle evidence for sustained regulatory and contractual resilience.</p>

CSV_COMPARISON_DATA:Integrations:Thoropass:ML+Cloud;Vanta:Cloud+Infra;AI-Fit:Thoropass>Vanta;AuditSpeed:VantaFast""",https://thoropass.com/demo,https://calendly.com/audit-consult
best-hipaa-compliance-software-ai,Best HIPAA Compliance Software for Healthcare AI 2026,Top-rated platforms for HIPAA automation. Ensuring BAA management and PHI security for AI medical tools.,HIPAA AI Software,Healthcare,16-02-2026,Privacy:High;BAA-Auto:Yes;Cloud:AWS/Azure;Standard:HIPAA,"<h2>Best HIPAA Compliance Software for AI Companies 2026</h2>
<p>Healthcare AI in 2026 operates in a far more regulated and scrutinized environment than traditional SaaS ever did. Between increasing OCR enforcement, rising ransomware incidents, and the operational complexity of agentic AI systems making semi autonomous clinical recommendations, HIPAA compliance is no longer just about documentation. It is about measurable business risk reduction. The right compliance platform should reduce breach probability, shorten audit preparation cycles, and provide defensible lifecycle evidence for AI models that process protected health information.</p>

<p>AI driven health startups face three categories of risk. First, regulatory risk under HIPAA and related state privacy laws. Second, contractual risk from Business Associate Agreements with covered entities. Third, operational risk from model drift, data leakage, or unauthorized secondary use of PHI. The best HIPAA compliance software in 2026 addresses all three through automation, monitoring, and AI lifecycle governance support.</p>

<h2>What Healthcare AI Companies Actually Need in 2026</h2>

<h3>Continuous Control Monitoring</h3>
<p>Point in time compliance is no longer sufficient. Healthcare buyers expect continuous monitoring of access controls, encryption settings, audit logs, and workforce security training. Automated evidence collection reduces the probability of missing required documentation during OCR investigations and lowers the internal cost of maintaining readiness.</p>

<h3>AI Lifecycle Evidence for PHI Handling</h3>
<p>Agentic AI systems may access, transform, and transmit PHI across multiple microservices. Compliance platforms must capture dataset provenance, model versioning records, validation outputs, and access traceability. Without lifecycle visibility, organizations cannot prove minimum necessary use or defend against misuse allegations.</p>

<h3>Incident Response Automation</h3>
<p>Mean time to detect and respond directly affects breach reporting obligations and financial exposure. Tools that integrate with SIEM, cloud infrastructure, and MLOps pipelines reduce detection lag and improve containment. That directly lowers regulatory and reputational risk.</p>

<h2>Leading HIPAA Compliance Platforms for AI in 2026</h2>

<h3>Drata</h3>
<p>Drata remains a top choice for mid market healthcare AI companies. Its strength lies in continuous control automation, strong cloud integrations, and audit readiness workflows. For companies already pursuing SOC 2 alongside HIPAA, Drata simplifies dual framework management. It reduces transactional risk during enterprise procurement and shortens readiness cycles.</p>

<h3>Vanta</h3>
<p>Vanta offers broad infrastructure connectors and fast onboarding, making it attractive for startups needing rapid HIPAA readiness. It excels at automating baseline administrative, physical, and technical safeguards. However, AI specific lifecycle mapping may require additional configuration or integrations.</p>

<h3>Secureframe</h3>
<p>Secureframe provides strong guided workflows and white glove support that can reduce internal compliance staffing requirements. For early stage AI healthcare companies without mature GRC teams, this hands on approach reduces operational execution risk.</p>

<h3>Scytale</h3>
<p>Scytale differentiates itself with deeper automation around AI governance and control mapping. For AI heavy health platforms, especially those deploying decision support models, Scytale can reduce lifecycle documentation gaps that otherwise increase regulatory exposure.</p>

<h2>Evaluation Criteria for Healthcare AI Leaders</h2>

<h3>Integration Depth</h3>
<li>Cloud providers and storage systems handling PHI</li>
<li>Identity and access management systems</li>
<li>MLOps platforms and model registries</li>
<li>Logging and monitoring infrastructure</li>

<p>Integration coverage directly influences engineering lift and long term evidence completeness.</p>

<h3>Automation Percentage</h3>
<p>Calculate what percentage of HIPAA safeguards can be monitored automatically. Higher automation lowers internal labor cost and reduces the probability of human error in control validation.</p>

<h3>Support and Audit Coordination</h3>
<p>Healthcare AI companies often need guidance aligning HIPAA with SOC 2, ISO 27001, and emerging AI governance frameworks. Platforms that provide structured audit coordination reduce friction and shorten certification timelines.</p>

<h2>Business Case: Translating Features into ROI</h2>
<p>Quantify ROI in three ways. First, estimate reduced breach probability from continuous monitoring and improved logging. Second, measure sales cycle acceleration due to faster completion of security questionnaires and BAA negotiations. Third, calculate engineering hours saved by automated evidence collection versus manual documentation.</p>

<p>For AI healthcare companies, one prevented incident or one accelerated enterprise contract can justify the entire annual subscription. The platform that reduces your highest probability risk the fastest delivers the strongest ROI.</p>

<h2>2026 AI Trends Impacting HIPAA Compliance</h2>

<h3>Agentic AI and Autonomous Workflows</h3>
<p>Agentic systems that trigger downstream actions, such as appointment scheduling or clinical summarization, introduce new logging and override requirements. Compliance platforms must support granular traceability and human in the loop checkpoints.</p>

<h3>EU AI Act Spillover</h3>
<p>Even US healthcare AI companies increasingly serve European markets. Lifecycle documentation expectations under the EU AI Act influence global procurement standards. Selecting software that can scale into broader AI governance reduces future transition risk.</p>

<h2>Final Recommendation</h2>
<p>The best HIPAA compliance software for AI companies in 2026 depends on your risk profile. If rapid baseline compliance and procurement readiness are primary, Vanta or Secureframe can deliver speed. If dual framework management and automation maturity matter most, Drata stands out. If AI lifecycle governance and model documentation are central to your exposure, Scytale may offer stronger long term defensibility. Evaluate platforms through a pilot that measures automated evidence generation for one representative AI workflow and quantify measurable business risk reduction before committing.</p>

CSV_COMPARISON_DATA:PrimaryRisk:PHIExposure;Automation:High;AI-Lifecycle:Critical;BestFit:AI-HealthcareStartups""",https://compliance-tool.com/hipaa,https://calendly.com/audit-consult
vanta-vs-secureframe-review,Vanta vs Secureframe: 2026 Enterprise Review,A detailed breakdown of enterprise features. Compare Secureframe's multi-tenant support with Vanta's ease of use.,Vanta vs Secureframe,Comparisons,17-02-2026,Enterprise:High;UX:VantaWins;Integration:Deep;Price:Premium,"<h2>Vanta vs Secureframe Review 2026 — Which Reduces Compliance Risk Faster?</h2>
<p>In 2026, compliance automation is no longer a back office efficiency tool. It is a growth enabler and a risk control system. For scaling startups and AI companies, the decision between Vanta and Secureframe should be framed around measurable business risk reduction: faster enterprise deal cycles, lower audit friction, fewer control failures, and reduced regulatory exposure. Both platforms are leaders in the compliance automation category, but they optimize for different operating models.</p>

<p>The right choice depends on what risk threatens you most. If procurement speed and infrastructure automation are your primary bottlenecks, one platform may outperform. If internal compliance bandwidth and hands on guidance are your constraints, the other may reduce operational risk more effectively.</p>

<h2>Platform Positioning in 2026</h2>

<h3>Vanta — Automation First, Broad Integrations</h3>
<p>Vanta is widely adopted for SOC 2 readiness and ongoing compliance monitoring. It is known for strong cloud and identity integrations, automated evidence collection, and streamlined auditor collaboration. For technology startups pursuing SOC 2, ISO 27001, or HIPAA in parallel, Vanta often delivers rapid time to value.</p>

<p>Its strength lies in infrastructure telemetry automation. When most of your compliance exposure is tied to AWS, Google Cloud, Azure, GitHub, Okta, and endpoint management systems, Vanta minimizes manual control validation and reduces audit preparation time.</p>

<h3>Secureframe — Guided Compliance with White Glove Support</h3>
<p>Secureframe differentiates itself with structured onboarding, compliance expertise, and hands on support. For organizations without a dedicated GRC team, this approach reduces execution risk. Instead of simply automating checks, Secureframe often acts as an embedded advisor throughout readiness and audit cycles.</p>

<p>This support model can reduce internal staffing pressure and prevent misinterpretation of control requirements, especially for first time founders navigating SOC 2 or ISO audits.</p>

<h2>Feature by Feature Risk Analysis</h2>

<h3>Integrations and Automation Depth</h3>
<p>Vanta typically offers broader out of the box integrations with cloud providers and engineering tools. That breadth increases the percentage of automated controls and reduces manual evidence uploads. Higher automation directly lowers human error risk and ongoing labor cost.</p>

<p>Secureframe provides strong integrations as well, though some configurations may involve guided setup. The tradeoff is more oversight and validation during onboarding, which may reduce the risk of misconfigured controls.</p>

<h3>Audit Experience</h3>
<p>Vanta has a large auditor ecosystem and streamlined auditor access features. This can shorten audit cycles and reduce back and forth communication overhead.</p>

<p>Secureframe emphasizes close coordination and structured milestone tracking, which benefits companies unfamiliar with audit workflows. The result is reduced confusion and fewer last minute documentation gaps.</p>

<h3>Framework Coverage</h3>
<p>Both platforms support SOC 2, ISO 27001, HIPAA, and additional frameworks. For AI companies anticipating EU AI Act alignment, neither platform is fully AI lifecycle native, so supplemental governance tooling may be required. However, both can manage overlapping control sets efficiently.</p>

<h2>Total Cost of Ownership</h2>

<h3>Subscription vs Internal Labor</h3>
<p>When comparing pricing, consider more than annual subscription cost. Calculate internal engineering hours required for integration, compliance team hours for evidence review, and executive time spent responding to questionnaires.</p>

<p>If your team is technically strong and prefers self service automation, Vanta may reduce long term operating cost. If you lack in house compliance expertise, Secureframe’s white glove model can offset the need for additional hires, lowering overall TCO despite similar subscription pricing.</p>

<h3>Sales Cycle Acceleration</h3>
<p>Both tools improve procurement readiness, but speed of implementation matters. Faster SOC 2 readiness can directly impact revenue timing. Measure time from contract signature to audit readiness as a primary KPI.</p>

<h2>Ideal Customer Profiles</h2>

<h3>Choose Vanta If:</h3>
<li>You prioritize maximum automation and minimal manual work.</li>
<li>Your engineering team can manage integrations independently.</li>
<li>You want rapid SOC 2 readiness with strong auditor familiarity.</li>

<h3>Choose Secureframe If:</h3>
<li>You need structured guidance and compliance coaching.</li>
<li>You lack a dedicated GRC function.</li>
<li>You prefer collaborative onboarding over self directed setup.</li>

<h2>Final Verdict 2026</h2>
<p>There is no universal winner. Vanta excels in automation scale and integration breadth, making it ideal for engineering led startups seeking speed. Secureframe reduces execution risk through guided workflows and white glove support, making it attractive for teams with limited compliance experience.</p>

<p>The correct decision is the one that reduces your highest probability risk fastest: automation gaps or execution gaps. Conduct a short pilot, measure percentage of automated controls, audit preparation time, and internal labor hours, then align the choice with quantifiable risk reduction.</p>

CSV_COMPARISON_DATA:Support:White-Glove;Automation:85%;KeyFrameworks:SOC2/ISO27001;Verdict:DependsOnTeam""",https://vanta.com/partner,https://calendly.com/audit-consult
drata-pricing-guide-2026,Drata Pricing Guide 2026: What to Expect,"Unpacking Drata's modular pricing for 2026. Costs for SOC 2, ISO 42001, and the new AI Governance add-ons.",Drata Pricing,Guides,17-02-2026,Base:Custom;AI-Addon:Required;Audit-Fee:Extra;Value:Premium,"<h2>Drata Pricing Guide 2026 — Pricing as a Strategic Risk Lever</h2>
<p>Pricing for compliance automation is rarely just an accounting exercise. For CTOs, CISOs, and GRC leaders at AI startups in 2026, vendor pricing signals how much of your regulatory, contractual, and operational risk you are willing to transfer versus absorb internally. Drata has evolved from a straightforward continuous compliance platform into a broader trust automation suite that increasingly targets AI lifecycle integration. Understanding Drata pricing in 2026 requires translating list prices and tiers into measurable reductions in time to evidence, mean time to detect control drift, and procurement cycle length. This guide reframes pricing as a strategic lever you can pull to buy down specific business exposures under the EU AI Act and emerging management standards like ISO 42001.</p>

<p>There are three layers to total cost of ownership when evaluating Drata. First, the subscription fee and tier structure: entry or foundation tiers designed for startups, mid market bundles targeting scale ups, and enterprise tiers with custom SLAs and integration support. Second, onboarding and professional services: integration into CI/CD, model registries, and monitoring systems often requires professional services to map controls, build connectors, and codify policy as code. Third, the hidden operational costs and benefits: internal engineering time to build bespoke connectors, opportunity costs from delayed deals, and insurance or auditor savings from better evidence continuity. The right financial comparison balances these three lenses against the measurable business risks you reduce.</p>

<p>Why pricing matters for AI risk in 2026. Agentic AI and advanced MLOps mean compliance evidence must be continuously produced and tamper evident. If you buy a low cost subscription but cannot afford the engineering effort to integrate Drata with model registries, dataset versioning, and retraining pipelines, you merely shift exposure back onto your team. That results in a longer window of undetected drift, more brittle audit responses, and greater contractual friction. Conversely, a higher tier that includes deep integrations and onboarding support can reduce the time to produce lifecycle evidence from days to minutes, lowering regulatory and procurement risk in ways that justify the license spend.</p>

<h3>How vendors structure pricing in 2026</h3>
<p>Drata and competitors typically use a combination of tiered subscriptions and usage metrics. Common dimensions that influence price include number of cloud accounts or assets monitored, number of integrated systems, number of mapped frameworks, and the level of professional services required. Enterprise deals add custom SLAs, dedicated success managers, and audit orchestration services. For AI workloads the presence of MLOps connectors and model artifact ingestion features will often sit behind mid or enterprise tiers due to the engineering and product investment required to support them.</p>

<h3>Entry tier: short term risk reduction</h3>
<p>Entry or foundation tiers are designed to remove the most pressing transactional risks: rapid SOC 2 readiness, baseline identity and access automation, and quick auditor collaboration. For startups focused on unlocking initial enterprise customers, the entry tier minimizes procurement friction with relatively low capital outlay. However, entry tiers usually do not include advanced MLOps connectors or management system playbooks for ISO 42001, limiting their ability to address AI Act lifecycle obligations directly.</p>

<h3>Mid market tier: balance of speed and depth</h3>
<p>Mid market plans are where many AI startups find optimal risk adjusted returns. These tiers commonly include more integrations, richer automation, questionnaire automation, and some level of onboarding assistance. When your highest business risk includes both procurement friction and emerging AI lifecycle documentation requests, mid market tiers can meaningfully reduce residual risk without the full cost of enterprise professional services.</p>

<h3>Enterprise tier: buying down systemic exposure</h3>
<p>Enterprise bundles are priced for organizations that need durable, auditable evidence across multiple product lines or regulated markets. These tiers typically include tailored onboarding, deeper MLOps or vendor integrations, custom control mapping, and sometimes extended retention or tamper-evidence services. Enterprise pricing should be evaluated against avoided long term costs: fewer remediation cycles, shorter buyer diligence windows, and improved outcomes in insurance underwriting or regulatory reviews.</p>

<h3>Professional services and integration credits</h3>
<p>Implementation costs are frequently the dominant short term expense. Ask vendors for realistic estimates of engineering hours to integrate model registries, dataset snapshots, CI/CD outputs, and production monitoring. Negotiate integration credits or phased onboarding to reduce initial cash outlay and to align vendor incentives with measurable risk reduction milestones. Structured professional services that produce predefined KPIs at pilot completion convert uncertain spend into demonstrable outcomes.</p>

<h3>Practical pricing evaluation checklist</h3>
<li>Map the vendor tiers to the specific controls you need automated for a representative high risk model pipeline</li>
<li>Estimate engineering hours to build missing connectors versus incremental vendor fees for integration</li>
<li>Model first year and three year TCO including subscription, professional services, and internal labor</li>
<li>Quantify benefits in reduced sales cycle days, expected reduction in remediation hours, and potential insurance premium improvements</li>
<li>Negotiate pilot terms with success metrics tied to measurable reductions in time to evidence and percent of controls on continuous monitoring</li>

<p>Translating pricing into business metrics. The only defensible way to choose a tier is to convert pricing into the value of reduced risk. For example, calculate the expected revenue acceleration from shaving procurement cycles by N days, estimate the cost of remediation labor avoided during an audit, and approximate the knock on effects to insurance loadings and investor confidence. Compare that aggregated benefit to the incremental cost of a higher tier or professional services package.</p>

<p>Scenarios to guide selection. If your immediate need is to close initial enterprise customers quickly and you have limited engineering capacity, an entry or mid market tier with rapid onboarding may be the right tradeoff. If you are preparing to operate in regulated European markets where the EU AI Act will require lifecycle evidence, invest in mid or enterprise tiers that include MLOps connectors and management system workflows to reduce systemic regulatory exposure.</p>

<h3>Negotiation tips for CTOs and GRC leads</h3>
<p>Use pilot metrics as leverage. Negotiate credits for professional services if the vendor underdelivers on integration milestones. Ask for audit partner introductions or bundled audit discounts to reduce first year TCO. Clarify data retention, tamper evidence, and export capabilities to ensure audit defensibility. Finally, seek clear SLAs for integrations that matter most to your evidence chain and tie payments or renewals to agreed success criteria where possible.</p>

<p>In 2026 pricing is a proxy for how much risk you are outsourcing versus retaining. The best financial decision is therefore the one that buys down the highest probability, highest impact exposures for the least net cost. Structure pilots to measure that reduction directly, and use vendor negotiations to align cost with demonstrable improvements in time to evidence, continuous monitoring coverage, and mean time to detect control drift.</p>

CSV_COMPARISON_DATA:EntryPrice:$5k-$12k;Advanced:CustomEnterprise;AddOns:MLOpsConnectors;TCO_FirstYear:$10k-$50k""",https://drata.com/demo,https://calendly.com/audit-consult
compliance-automation-roi-calculator,Compliance Automation ROI: 2026 Business Case,How to calculate the ROI of compliance software. Save 1000+ engineering hours on ISO 42001 evidence.,Compliance ROI,Guides,18-02-2026,Time-Saved:80%;Cost-Reduction:50%;Audit-Speed:2x;Risk:Lower,"<h2>Compliance Automation ROI Calculator 2026 — Turning Trust Spend into Measurable Risk Reduction</h2>
<p>In 2026, compliance automation is no longer justified by convenience or checklist completion. For AI driven companies operating under the EU AI Act, SOC 2, ISO 27001, and ISO 42001, compliance spend is evaluated the same way as security infrastructure or cloud cost optimization: by return on investment and business risk reduction. A compliance automation ROI calculator is not a financial gimmick. It is a decision framework that helps CTOs, CISOs, and CFOs quantify how much regulatory, contractual, and operational risk is reduced per dollar invested.</p>

<p>Most organizations still underestimate the hidden cost of manual compliance. These costs appear as engineering distraction, delayed enterprise deals, repeated audit remediation, and increased exposure during regulatory scrutiny. An effective ROI calculator converts these soft costs into concrete metrics: hours saved, revenue acceleration, probability adjusted loss avoided, and long term operating leverage. In the context of agentic AI and continuous deployment, this translation is essential for rational budget allocation.</p>

<h2>Why Compliance ROI Looks Different in 2026</h2>

<h3>AI Systems Increase Evidence Complexity</h3>
<p>Agentic AI systems introduce continuous decision making, autonomous workflows, and frequent model updates. Each of these increases the volume and volatility of compliance evidence. Manual approaches do not scale with this complexity, leading to blind spots and delayed detection of control drift. Automation directly reduces the probability and impact of these failures.</p>

<h3>Regulatory Stakes Are Higher</h3>
<p>The EU AI Act introduces fines that can reach a percentage of global revenue. SOC 2 failures increasingly trigger contract termination clauses. In this environment, ROI must account for avoided downside, not just efficiency gains. Compliance automation reduces the likelihood of high impact negative events.</p>

<h2>Core Inputs for a Compliance Automation ROI Calculator</h2>

<h3>Internal Labor Cost</h3>
<p>Start by quantifying hours spent by engineering, security, legal, and leadership on compliance activities. Include evidence collection, policy updates, questionnaire responses, and audit coordination. Multiply by fully loaded hourly rates to establish a baseline cost of manual compliance.</p>

<h3>Audit and Remediation Costs</h3>
<p>Capture direct auditor fees and indirect remediation effort. Repeated control failures, missing evidence, or misaligned policies increase both. Automation reduces rework and shortens audit cycles, lowering recurring costs.</p>

<h3>Sales Cycle Impact</h3>
<p>Measure average deal delay attributable to security and compliance reviews. For AI startups selling to enterprises or regulated buyers, weeks of delay translate directly into deferred revenue. Faster readiness improves cash flow and competitive positioning.</p>

<h3>Risk Exposure and Loss Avoidance</h3>
<p>Estimate the probability and impact of adverse events such as failed audits, lost deals, or regulatory findings. While imprecise, even conservative estimates provide a directional understanding of downside risk reduction enabled by automation.</p>

<h2>Automation Benefit Categories</h2>

<h3>Time to Evidence Reduction</h3>
<p>Automation shrinks the time required to produce defensible evidence from days to minutes. This improves responsiveness during audits and regulatory inquiries and reduces stress on teams.</p>

<h3>Continuous Control Monitoring</h3>
<p>Instead of periodic checks, automated platforms monitor controls continuously. This reduces the window of undetected non compliance and lowers the expected impact of failures.</p>

<h3>Framework Overlap Leverage</h3>
<p>Modern platforms map controls across SOC 2, ISO 27001, ISO 42001, and privacy regulations. This reuse multiplies ROI by spreading automation benefits across multiple compliance obligations.</p>

<h2>Building the ROI Model Step by Step</h2>

<h3>Step 1: Baseline Manual Cost</h3>
<p>Add annual labor cost, audit fees, and average remediation effort. This represents the cost of maintaining compliance without automation.</p>

<h3>Step 2: Automated Cost Profile</h3>
<p>Include subscription fees, onboarding services, and residual internal effort. Be realistic about ramp up periods and integration complexity.</p>

<h3>Step 3: Quantify Benefits</h3>
<p>Subtract reduced labor hours, fewer remediation cycles, and faster sales cycles. Add estimated loss avoidance from reduced regulatory and contractual risk.</p>

<h3>Step 4: Calculate ROI</h3>
<p>ROI equals net benefit divided by total automated cost. Many AI startups find that even conservative assumptions produce positive ROI within the first year.</p>

<h2>Common Mistakes in ROI Analysis</h2>

<h3>Ignoring Engineering Opportunity Cost</h3>
<p>Engineering time spent on compliance is time not spent on product differentiation. ROI models that exclude opportunity cost underestimate automation value.</p>

<h3>Overlooking Scale Effects</h3>
<p>Manual compliance cost grows non linearly with company size and regulatory scope. Automation cost grows more slowly, increasing ROI over time.</p>

<h3>Underestimating Regulatory Risk</h3>
<p>Organizations often discount low probability, high impact events. In regulated AI markets, these events can be existential. ROI models should reflect this asymmetry.</p>

<h2>Using ROI to Drive Vendor Selection</h2>
<p>Compare platforms by how much risk they reduce per dollar, not by headline price. A higher subscription that materially reduces sales friction or audit failure probability can outperform a cheaper tool with limited automation. Run pilot projects using a representative AI workflow and measure actual time saved and control coverage to validate assumptions.</p>

<h2>Strategic Takeaway</h2>
<p>In 2026, compliance automation ROI is fundamentally about resilience. The platforms that deliver the strongest returns are those that compress evidence cycles, reduce uncertainty during audits, and lower the probability of catastrophic regulatory outcomes. A disciplined ROI calculator enables leaders to defend compliance spend as a growth investment rather than a sunk cost.</p>

CSV_COMPARISON_DATA:PrimaryMetric:RiskReduction;PaybackPeriod:6-12Months;AutomationImpact:High;BestUse:ScalingAICompanies""",https://compliance-tool.com/roi,https://calendly.com/audit-consult
nist-ai-rmf-software-tools,Top NIST AI RMF Software Tools for 2026,The best platforms for mapping controls to the NIST AI Risk Management Framework. Essential for US government AI bids.,NIST AI RMF Tools,Governance,18-02-2026,Framework:NIST;Mapping:Auto;Federal:Ready;GovCloud:Supported,"<h2>NIST AI RMF Software Tools 2026 — Choosing the Right Platform for AI Risk Governance</h2>
<p>By 2026 the NIST AI Risk Management Framework (AI RMF) is one of the most practical playbooks available to organizations building and deploying AI. For CTOs and GRC leaders it is not an academic checklist. It is a risk architecture that must be operationalized across development pipelines, model registries, monitoring systems, and executive reporting. Selecting software that implements NIST AI RMF principles is therefore a business risk decision: the right tools convert governance intent into measurable reductions in regulatory, contractual, and operational exposure.</p>

<p>The business imperative is straightforward. Agentic AI and autonomous agents generate a volume and velocity of artifacts that traditional governance processes cannot keep pace with. Decision traces, retraining triggers, session histories, and operator overrides arrive continuously. The EU AI Act raises the bar for lifecycle documentation and human oversight, which increases the probability of regulatory scrutiny. NIST AI RMF provides a common taxonomy and lifecycle approach that maps neatly to these obligations. Tools that make NIST concepts actionable reduce uncertainty by producing evidence on demand, shortening procurement cycles, and lowering the probability of costly incidents.</p>

<h3>Core NIST AI RMF outcomes that software should deliver</h3>
<p>Effective tooling operationalizes the NIST AI RMF workflow: govern, map, measure, manage, and reflect. From a business risk perspective there are three concrete outcomes to prioritize. First, continuous evidence generation: automated capture of model versions, dataset snapshots, validation outputs, and human oversight records. Second, risk scoring and prioritization: the ability to translate technical signals into business level risk indicators that executives and boards can act on. Third, audit readiness: producing consolidated packages that map control artifacts to regulatory and contractual requirements quickly and defensibly.</p>

<h3>What to evaluate in NIST AI RMF software</h3>
<p>To convert a vendor pitch into a defensible procurement decision, measure how each product reduces specific risk metrics. Useful evaluation dimensions include integration relevance, policy as code support, evidence immutability, risk analytics, and incident orchestration. Integration relevance is not connector count. It is the degree to which the tool ingests MLOps sources that actually matter: model registries, feature stores, dataset versioning, CI/CD pipelines, monitoring telemetry, and identity systems. Policy as code enables automated enforcement and consistent control execution across teams. Evidence immutability assures auditors that artifacts are trustworthy. Risk analytics transforms telemetry into prioritized actions. Incident orchestration ensures alerts become documented remediation within SLAs.</p>

<h3>Tool categories and tradeoffs</h3>
<p>In practice, NIST AI RMF tooling clusters into three types, each with distinct risk tradeoffs. First, technical evidence platforms that focus on ingesting MLOps telemetry and producing immutable artifacts. These reduce operational and regulatory risk by shrinking reconstruction time and improving incident forensics. Second, governance orchestration platforms that codify policies, control owners, and supplier assessments. These reduce procedural and contractual risk by making the management system auditable. Third, integrated risk platforms that combine both capabilities and add risk scoring dashboards for executives. These reduce board level risk by creating a single pane that translates technical noise into business decisions.</p>

<li>Technical evidence platforms minimize reconstruction and forensic time</li>
<li>Governance orchestration platforms minimize procedural, supplier, and contractual failures</li>
<li>Integrated risk platforms align technical telemetry with executive risk KPIs</li>

<h3>Specific capabilities that show up as reduced business risk</h3>
<p>The presence of certain capabilities in a platform translates directly into measurable risk reductions. Automated dataset hashing and immutable storage reduce the probability of missing provenance artifacts during an audit. Continuous model performance monitoring tied to alerting and incident logging reduces mean time to detect and mean time to remediate model failures. Policy as code with automated gating reduces drift into non compliant states and lowers the human error component. Mapped evidence packages that align NIST controls to EU AI Act obligations shorten procurement and regulatory response time, thereby reducing sales friction and avoiding fines or market access delays.</p>

<h3>Pilot design: how to prove the tool reduces risk</h3>
<p>Do not accept vendor claims. Run a pilot that measures before and after values for a narrow, high risk pipeline. Key pilot metrics should include time to produce a complete evidence package for a model lifecycle request, percent of required artifacts produced automatically, mean time to detect anomalous model behavior, and number of manual reconciliation hours saved per quarter. Translate those results into business impact: days shaved from procurement cycles, expected reduction in remediation hours during audits, and probabilistic reduction in regulatory penalty exposure. This quantitative approach converts vendor selection into a business case that leadership can evaluate.</p>

<h3>How NIST AI RMF meshes with other regimes in 2026</h3>
<p>NIST AI RMF is complementary to the EU AI Act and standards such as ISO 42001. In many procurement reviews buyers expect evidence that maps to both NIST risk functions and the lifecycle obligations required by EU law. A good tool will let you map artifacts to multiple frameworks so a single evidence set satisfies diverse stakeholders. This reduces duplication, shortens audit cycles, and lowers internal operational cost by enabling reuse across frameworks.</p>

<h3>Operational and organizational considerations</h3>
<p>Tools reduce risk only insofar as organizational processes and owners are defined. Before scaling a platform, define control ownership, decision thresholds, escalation paths, and review cadences. Set executive risk KPIs that are informed by the tool s dashboards and report these at board cadence. Without these programmatic elements, automation accumulates alerts but fails to convert them into reduced exposure.</p>

<h3>Vendor selection checklist</h3>
<li>Confirm native ingestion for your model registry, dataset store, and CI/CD pipelines</li>
<li>Validate policy as code capabilities and gating options for critical paths</li>
<li>Assess evidence immutability and export options for auditor consumption</li>
<li>Measure risk analytics: does the tool translate telemetry into prioritized business risks</li>
<li>Run a scoped pilot and translate pilot results into procurement and remediation savings</li>

<p>Conclusion: the best NIST AI RMF tools in 2026 are those that convert technical telemetry into board level risk reduction. They do so by automating evidence, codifying policies, and translating alerts into prioritized remediation actions. When evaluated through that lens, tooling becomes a lever to reduce regulatory fines, shorten procurement cycles, lower remediation cost, and protect reputation as agentic systems and the EU AI Act increase both the volume and specificity of evidence obligations.</p>

CSV_COMPARISON_DATA:Framework:AlignmentHigh;ToolTypes:Monitoring+Governance;TopBenefits:Evidence+RiskScoring;PilotKPIs:TimeToEvidence%2C%25AutoArtifacts%2CMTTD""",https://compliance-tool.com/nist,https://calendly.com/audit-consult
best-soc2-auditors-for-startups,Best SOC 2 Auditors for AI Startups 2026,Expert review of CPA firms that specialize in AI-native SOC 2 Type II audits. Avoid 'check-the-box' auditors.,SOC 2 Auditors,Market Research,19-02-2026,Audit-Type:CPA;AI-Savvy:High;Price:Moderate;Speed:High,"<h2>Step-by-Step: How to Implement ISO 42001 (AIMS)</h2>
<p>Implementing ISO 42001 in 2026 is less an academic exercise and more a strategic program to reduce measurable business risk. For CTOs, CISOs, and GRC leaders at AI companies, an AI Management System (AIMS) is the operational backbone that turns policy into repeatable controls, evidence, and executive metrics. With the EU AI Act creating lifecycle obligations for high risk systems and agentic AI increasing the velocity and volume of governance artifacts, a structured ISO 42001 program both reduces regulatory exposure and shortens procurement cycles by providing auditors and buyers with consistent, auditable proof of governance.</p>

<p>This step-by-step guide prioritizes actions that produce immediate business risk reduction while building a durable management system. The emphasis is on embedment: making evidence generation part of engineering workflows, ensuring controls are operational rather than aspirational, and aligning the program to board-level risk KPIs. Follow these phases to convert ISO 42001 from a checklist into a predictable program that demonstrably lowers the probability and impact of regulatory, contractual, and reputational failures.</p>

<h2>Phase 0 — Program initiation and sponsorship</h2>
<h3>Secure executive sponsorship and define scope</h3>
<p>Start by obtaining formal sponsorship from the CEO or board-level executive. ISO 42001 is a cross functional program that touches engineering, product, legal, security, and business teams. Executive sponsorship ensures prioritization and resource allocation and converts compliance milestones into business priorities.</p>
<h3>Establish a program office and roles</h3>
<p>Create a small program office responsible for coordinating the AIMS implementation. Define key roles including the AIMS manager, control owners, data steward, MLOps liaison, and supplier governance lead. Clear role definitions reduce ambiguity and accelerate remediation when evidence gaps are identified.</p>

<h2>Phase 1 — Risk assessment and prioritization</h2>
<h3>Inventory systems and classify risk</h3>
<p>Maintain a single register of AI systems, describing purpose, data types processed, deployment contexts, and classification as provider or deployer. Use defensible criteria to label high risk systems under both ISO 42001 guidance and the EU AI Act. Prioritize high risk systems for early control implementation.</p>
<h3>Conduct a business impact analysis</h3>
<p>Translate technical failure modes into business outcomes: regulatory fines, lost enterprise deals, remediation costs, and reputational impact. Quantify probable impact and likelihood to prioritize controls that maximize business risk reduction per unit effort.</p>
<li>Create a system register with owner, classification, and risk rationale</li>
<li>Run a BIA that maps technical faults to financial and reputational outcomes</li>

<h2>Phase 2 — Control design and policy codification</h2>
<h3>Map controls to ISO 42001 requirements</h3>
<p>Map specific controls across data governance, model validation, human oversight, monitoring, incident response, and supplier management to ISO 42001 clauses. Use policy as code where possible so that requirements are executable and testable in pipelines rather than only descriptive in documents.</p>
<h3>Define measurable control acceptance criteria</h3>
<p>For each control, define the metric that indicates operating effectiveness. Examples: dataset snapshot frequency, acceptable drift thresholds, percent of production models with immutable version hashes, and latency from alert to remediation owner acknowledgement. These acceptance criteria are the basis for automated evidence collection and board reporting.</p>
<li>Codify policies as enforceable artifacts in CI/CD and MLOps</li>
<li>Define objective acceptance criteria for each control</li>

<h2>Phase 3 — Implementation and evidence automation</h2>
<h3>Instrument the engineering lifecycle</h3>
<p>Embed evidence generation into normal development workflows. Automate dataset snapshots and cryptographic hashing, link model versions to CI artifacts, record validation outputs, and capture human oversight approvals in immutable logs. The goal is that evidence is produced as a byproduct of work rather than as a separate chore.</p>
<h3>Deploy continuous monitoring and alerting</h3>
<p>Set up automated monitoring for model performance, distributional drift, fairness metrics, and security baselines. Integrate alerts into incident management and ensure that every alert creates an auditable ticket with ownership and closure metadata.</p>
<li>Automate dataset and model provenance capture</li>
<li>Ensure monitoring outputs feed into a central evidence store</li>

<h2>Phase 4 — Supplier management and third-party risk</h2>
<h3>Catalog third-party models and data sources</h3>
<p>Document all third-party models, datasets, and hosted services. Capture provenance, licensing, update cadence, and supplier attestation. The EU AI Act and ISO 42001 both place obligations on organizations to manage supplier risk, so rigorous supplier records reduce contractual and regulatory exposure.</p>
<h3>Establish supplier assurance workflows</h3>
<p>Create a standardized supplier risk assessment and remediation path. Automate change notifications and require suppliers to provide hashes or attestations for model updates where feasible.</p>

<h2>Phase 5 — Incident response and continuous improvement</h2>
<h3>Define incident thresholds and reporting</h3>
<p>Specify what constitutes a reportable incident, internal escalation paths, external reporting timelines, and templates for post incident reviews. For agentic AI, include criteria for when human intervention was ineffective or when autonomous actions caused downstream harm.</p>
<h3>Run tabletop exercises and incorporate lessons</h3>
<p>Practice incident scenarios and feed after action findings back into policy and control refinement. Continuous improvement is a required element of ISO 42001 and the most reliable way to reduce repeated failures.</p>
<li>Define incident taxonomy and reporting SLAs</li>
<li>Schedule periodic tabletop exercises and policy refresh cycles</li>

<h2>Phase 6 — Audit readiness and certification</h2>
<h3>Prepare conformity artifacts and run internal audits</h3>
<p>Compile evidence packages that map controls to ISO 42001 clauses and include objective metrics demonstrating control operation. Conduct an internal audit or readiness review against the standard to identify residual gaps and remediate before external assessment.</p>
<h3>Engage auditors and schedule external assessment</h3>
<p>Choose an auditor experienced in management systems and, ideally, in AI lifecycle artifacts. Use the pilot evidence packages to shorten fieldwork and reduce auditor hours. Clear mapping from controls to evidence reduces the risk of findings and accelerates certification.</p>

<h2>Measurement, reporting, and governance at scale</h2>
<h3>Define board level KPIs</h3>
<p>Report three executive metrics that reflect business risk reduction: time to produce required evidence, percent of critical controls continuously monitored, and mean time to detect significant model issues. These KPIs convert AIMS work into board level risk language and demonstrate value in commercial and regulatory contexts.</p>
<h3>Operational cadence and role responsibilities</h3>
<p>Maintain a documented review cadence for controls, supplier assessments, and incident post mortems. Ensure control owners understand retention requirements for evidence and audit artifacts. This discipline prevents drift and preserves the long term integrity of the AIMS.</p>

<h2>Practical tips and common pitfalls</h2>
<h3>Start small and expand</h3>
<p>Pilot AIMS on one high risk system before broad rollout. Early wins with measurable risk reduction create momentum and demonstrate ROI.</p>
<h3>Avoid documentation theater</h3>
<p>Don t treat ISO 42001 as a paperwork exercise. Evidence must reflect actual, repeatable behaviors. Auditors and buyers will test operating effectiveness, not just the presence of policies.</p>
<li>Pilot a single high risk system first</li>
<li>Automate evidence capture; avoid manual reconstruction</li>
<li>Define and report board level KPIs tied to business outcomes</li>

<p>Implementing ISO 42001 is a multi phase program that, when executed correctly, converts governance investment into measurable reductions in regulatory, contractual, and operational risk. By embedding evidence into engineering workflows, codifying policies as executable artifacts, and prioritizing supplier and incident management, organizations can achieve an effective AIMS in a matter of months rather than years. That speed and defensibility matter now more than ever given agentic AI complexity and the lifecycle obligations under the EU AI Act.</p>

CSV_COMPARISON_DATA:Phase1:RiskAssessment;Phase2:Controls;Phase3:Audit;TotalTime:4-6Months""",https://compliance-tool.com/auditors,https://calendly.com/audit-consult
sprinto-pricing-and-features-2026,Sprinto Pricing and Features: 2026 Update,"Is Sprinto still the best value for mid-market AI? Reviewing pricing, technical depth, and support.",Sprinto Pricing,Guides,19-02-2026,Price:Competitive;Support:24/7;Tech-Depth:High;Market:Mid-Market,"<h2>Mapping SOC 2 to ISO 42001: An Efficiency Guide for AI Leaders (2026)</h2>
<p>For CTOs, CISOs, and GRC leaders at AI startups in 2026, compliance programs are judged by one pragmatic metric: how much measurable business risk they remove. Mapping SOC 2 artifacts to ISO 42001 requirements is one of the highest leverage activities a team can undertake to convert duplicate compliance effort into quantifiable risk reduction. Both frameworks overlap materially, and when treated as complementary rather than separate projects, their combined assurance improves procurement outcomes, reduces audit fatigue, and accelerates market access—especially important as agentic AI and EU AI Act obligations expand the volume and specificity of required evidence.</p>

<p>This guide focuses on efficiency and business risk reduction. The operational problem most organizations face is redundant evidence collection and disconnected control ownership. SOC 2 is typically focused on trust service criteria such as security, availability, confidentiality, processing integrity, and privacy. ISO 42001 demands an AI Management System that includes documented policies, role definitions, risk assessments, supplier governance, and continuous improvement. The practical opportunity is to identify controls and artifacts that serve both frameworks simultaneously, automating evidence capture and reusing outputs to minimize manual reconstruction during audits or regulatory inquiries.</p>

<h3>Why mapping matters for AI startups</h3>
<p>Agentic AI systems increase the number and granularity of artifacts auditors and regulators will want: model registry entries, dataset hashes, retraining records, human oversight logs, and monitoring outputs. The EU AI Act elevates lifecycle obligations and documentation. If SOC 2 and ISO 42001 programs are built in silos, teams will duplicate effort collecting overlapping artifacts—exposing the company to wasted engineering hours and longer procurement cycles. A mapped approach reduces duplication, shortens time to evidence, and lowers the residual probability of missing evidence when a regulator or buyer asks for lifecycle documentation.</p>

<h2>High level mapping strategy</h2>

<h3>1. Start with a risk inventory, not frameworks</h3>
<p>Identify the company s highest impact AI risks first. Translate those risks into control families such as access control, change management, data governance, monitoring, incident response, and supplier oversight. Map which SOC 2 criteria and which ISO 42001 clauses are relevant to each family. Prioritizing by risk ensures mapping work focuses on artifacts that materially reduce probability and impact of bad outcomes.</p>

<h3>2. Identify reusable artifacts</h3>
<p>Catalog artifacts that satisfy requirements for both frameworks. Examples include system architecture diagrams, access review logs, incident tickets, logging and monitoring exports, model version hashes, dataset snapshots, and signed supplier attestations. Treat these artifacts as canonical evidence objects that feed multiple control statements and audit narratives.</p>

<li>System inventories and asset registers that feed SOC 2 scoping and ISO 42001 system registers</li>
<li>Access review reports that satisfy SOC 2 user access controls and ISO 42001 personnel accountability</li>
<li>Immutable dataset snapshots that support ISO 42001 provenance and SOC 2 processing integrity</li>

<h2>Practical control mapping examples</h2>

<h3>Access control and identity</h3>
<p>SOC 2 requires controls around logical access, authentication, and least privilege. ISO 42001 expects role definitions and assignment of accountability. A single evidence stream of periodic access reviews, MFA enforcement logs, and role to responsibility mappings satisfies both requirements. Automating access reviews reduces both audit time and the probability of unauthorized access to model training data.</p>

<h3>Change management and CI/CD</h3>
<p>SOC 2 emphasizes change control for system updates. ISO 42001 expects documented model change policies and versioning practices. A CI/CD audit trail that links commits to model registry updates and validation runs can be mapped to both frameworks. This removes the need to produce separate artifacts for development controls and model lifecycle documentation.</p>

<h3>Monitoring and incident response</h3>
<p>Continuous monitoring outputs serve SOC 2 monitoring criteria and ISO 42001 s requirement for post deployment oversight. Structured incident tickets containing root cause analysis, impact assessment, and remediation evidence satisfy both frameworks. Tying monitoring alerts to automated evidence capture shortens mean time to detect and time to remediate, which is a direct business risk reduction metric.</p>

<h2>Operationalizing the mapping</h2>

<h3>Use a single evidence store</h3>
<p>Centralize artifacts in an immutable evidence repository indexed by system id, model id, dataset id, and control id. This repository should support exports that map to SOC 2 auditor requests and ISO 42001 conformity artifacts. Centralization removes the need for ad hoc document assembly and cuts hours spent in audit preparation.</p>

<h3>Codify controls and policies</h3>
<p>Implement policy as code where feasible so that control execution produces verifiable artifacts. Examples include automated access review scripts, scheduled dataset snapshot jobs with cryptographic hashing, and pipeline gates that enforce validation thresholds. Codified policies reduce human error and produce consistent evidence that satisfies both standards.</p>

<h3>Define ownership and review cadence</h3>
<p>Map each control to a single owner and a review cadence. Publish a control register that lists which SOC 2 criteria and ISO 42001 clauses each control satisfies. This clarity reduces remediation lag and ensures that auditors see not only artifacts but also consistent governance around execution.</p>

<h2>Measuring efficiency and risk reduction</h2>

<h3>Key performance indicators</h3>
<p>Track a small set of KPIs that translate mapping into business outcomes:</p>
<li>Time to produce combined evidence package for a representative high risk model</li>
<li>Percentage of controls with automated evidence capture</li>
<li>Reduction in audit fieldwork hours compared to prior cycles</li>
<li>Decrease in procurement cycle length attributable to faster diligence responses</li>

<p>These KPIs allow leadership to quantify the value of mapping work. For example, reducing evidence assembly time from days to minutes converts directly into lower opportunity cost during sales cycles and fewer engineering hours diverted from product work.</p>

<h2>Tooling and automation</h2>
<p>Compliance automation platforms that support MLOps connectors, immutable evidence storage, and policy as code are necessary to maximize efficiency. Select tools that can ingest model registries, dataset stores, CI/CD pipelines, and monitoring telemetry, and that can export artifacts mapped to multiple frameworks. Integration with ticketing and incident systems ensures that remediation evidence is linked and auditable.</p>

<h2>Common pitfalls and how to avoid them</h2>

<h3>Mapping without ownership</h3>
<p>Creating a mapping matrix without assigning owners creates a brittle program. Assign control owners before piloting the evidence flows.</p>

<h3>Overly broad scope</h3>
<p>Attempting to map every control at once creates analysis paralysis. Start with the highest risk systems and expand iteratively.</p>

<h3>Manual only approaches</h3>
<p>Relying on spreadsheets and manual exports fails under agentic AI scale. Automate evidence capture early to avoid reconstruction risk.</p>

<h2>Conclusion — the business case for mapping</h2>
<p>Mapping SOC 2 to ISO 42001 converts redundant compliance activities into a single, auditable program that reduces regulatory, contractual, and operational risk. For AI startups, the efficiency gains are amplified because model lifecycle artifacts are reused across frameworks. When executed with automation, clear ownership, and measurable KPIs, mapping reduces audit time, shortens procurement cycles, and strengthens buyer confidence. The result is not only lower compliance cost but also demonstrably lower residual business risk—an outcome investors, boards, and customers all value.</p>

CSV_COMPARISON_DATA:Overlap:40%;EffortSaved:60%;ToolRequired:ComplianceAutomation;Benefit:DoubleTrust""",https://sprinto.com/demo,https://calendly.com/audit-consult
mapping-soc2-to-iso-42001-guide,Mapping SOC 2 to ISO 42001: An Efficiency Guide for AI Leaders,Learn how to map SOC 2 Trust Services Criteria to ISO/IEC 42001 AI Management System controls to reduce audit fatigue and double-work.,SOC 2 to ISO 42001 Mapping,Governance,26-02-2026,Overlap:40%;Efficiency:High;Frameworks:SOC2/ISO42001;Audit-Link:Dual-Audit,"<h2>Mapping SOC 2 to ISO 42001: An Efficiency Guide for AI Leaders (2026)</h2>
<p>For CTOs, CISOs, and GRC leaders at AI startups in 2026, compliance programs are judged by one pragmatic metric: how much measurable business risk they remove. Mapping SOC 2 artifacts to ISO 42001 requirements is one of the highest leverage activities a team can undertake to convert duplicate compliance effort into quantifiable risk reduction. Both frameworks overlap materially, and when treated as complementary rather than separate projects, their combined assurance improves procurement outcomes, reduces audit fatigue, and accelerates market access—especially important as agentic AI and EU AI Act obligations expand the volume and specificity of required evidence.</p>

<p>This guide focuses on efficiency and business risk reduction. The operational problem most organizations face is redundant evidence collection and disconnected control ownership. SOC 2 is typically focused on trust service criteria such as security, availability, confidentiality, processing integrity, and privacy. ISO 42001 demands an AI Management System that includes documented policies, role definitions, risk assessments, supplier governance, and continuous improvement. The practical opportunity is to identify controls and artifacts that serve both frameworks simultaneously, automating evidence capture and reusing outputs to minimize manual reconstruction during audits or regulatory inquiries.</p>

<h3>Why mapping matters for AI startups</h3>
<p>Agentic AI systems increase the number and granularity of artifacts auditors and regulators will want: model registry entries, dataset hashes, retraining records, human oversight logs, and monitoring outputs. The EU AI Act elevates lifecycle obligations and documentation. If SOC 2 and ISO 42001 programs are built in silos, teams will duplicate effort collecting overlapping artifacts—exposing the company to wasted engineering hours and longer procurement cycles. A mapped approach reduces duplication, shortens time to evidence, and lowers the residual probability of missing evidence when a regulator or buyer asks for lifecycle documentation.</p>

<h2>High level mapping strategy</h2>

<h3>1. Start with a risk inventory, not frameworks</h3>
<p>Identify the company s highest impact AI risks first. Translate those risks into control families such as access control, change management, data governance, monitoring, incident response, and supplier oversight. Map which SOC 2 criteria and which ISO 42001 clauses are relevant to each family. Prioritizing by risk ensures mapping work focuses on artifacts that materially reduce probability and impact of bad outcomes.</p>

<h3>2. Identify reusable artifacts</h3>
<p>Catalog artifacts that satisfy requirements for both frameworks. Examples include system architecture diagrams, access review logs, incident tickets, logging and monitoring exports, model version hashes, dataset snapshots, and signed supplier attestations. Treat these artifacts as canonical evidence objects that feed multiple control statements and audit narratives.</p>

<li>System inventories and asset registers that feed SOC 2 scoping and ISO 42001 system registers</li>
<li>Access review reports that satisfy SOC 2 user access controls and ISO 42001 personnel accountability</li>
<li>Immutable dataset snapshots that support ISO 42001 provenance and SOC 2 processing integrity</li>

<h2>Practical control mapping examples</h2>

<h3>Access control and identity</h3>
<p>SOC 2 requires controls around logical access, authentication, and least privilege. ISO 42001 expects role definitions and assignment of accountability. A single evidence stream of periodic access reviews, MFA enforcement logs, and role to responsibility mappings satisfies both requirements. Automating access reviews reduces both audit time and the probability of unauthorized access to model training data.</p>

<h3>Change management and CI/CD</h3>
<p>SOC 2 emphasizes change control for system updates. ISO 42001 expects documented model change policies and versioning practices. A CI/CD audit trail that links commits to model registry updates and validation runs can be mapped to both frameworks. This removes the need to produce separate artifacts for development controls and model lifecycle documentation.</p>

<h3>Monitoring and incident response</h3>
<p>Continuous monitoring outputs serve SOC 2 monitoring criteria and ISO 42001 s requirement for post deployment oversight. Structured incident tickets containing root cause analysis, impact assessment, and remediation evidence satisfy both frameworks. Tying monitoring alerts to automated evidence capture shortens mean time to detect and time to remediate, which is a direct business risk reduction metric.</p>

<h2>Operationalizing the mapping</h2>

<h3>Use a single evidence store</h3>
<p>Centralize artifacts in an immutable evidence repository indexed by system id, model id, dataset id, and control id. This repository should support exports that map to SOC 2 auditor requests and ISO 42001 conformity artifacts. Centralization removes the need for ad hoc document assembly and cuts hours spent in audit preparation.</p>

<h3>Codify controls and policies</h3>
<p>Implement policy as code where feasible so that control execution produces verifiable artifacts. Examples include automated access review scripts, scheduled dataset snapshot jobs with cryptographic hashing, and pipeline gates that enforce validation thresholds. Codified policies reduce human error and produce consistent evidence that satisfies both standards.</p>

<h3>Define ownership and review cadence</h3>
<p>Map each control to a single owner and a review cadence. Publish a control register that lists which SOC 2 criteria and ISO 42001 clauses each control satisfies. This clarity reduces remediation lag and ensures that auditors see not only artifacts but also consistent governance around execution.</p>

<h2>Measuring efficiency and risk reduction</h2>

<h3>Key performance indicators</h3>
<p>Track a small set of KPIs that translate mapping into business outcomes:</p>
<li>Time to produce combined evidence package for a representative high risk model</li>
<li>Percentage of controls with automated evidence capture</li>
<li>Reduction in audit fieldwork hours compared to prior cycles</li>
<li>Decrease in procurement cycle length attributable to faster diligence responses</li>

<p>These KPIs allow leadership to quantify the value of mapping work. For example, reducing evidence assembly time from days to minutes converts directly into lower opportunity cost during sales cycles and fewer engineering hours diverted from product work.</p>

<h2>Tooling and automation</h2>
<p>Compliance automation platforms that support MLOps connectors, immutable evidence storage, and policy as code are necessary to maximize efficiency. Select tools that can ingest model registries, dataset stores, CI/CD pipelines, and monitoring telemetry, and that can export artifacts mapped to multiple frameworks. Integration with ticketing and incident systems ensures that remediation evidence is linked and auditable.</p>

<h2>Common pitfalls and how to avoid them</h2>

<h3>Mapping without ownership</h3>
<p>Creating a mapping matrix without assigning owners creates a brittle program. Assign control owners before piloting the evidence flows.</p>

<h3>Overly broad scope</h3>
<p>Attempting to map every control at once creates analysis paralysis. Start with the highest risk systems and expand iteratively.</p>

<h3>Manual only approaches</h3>
<p>Relying on spreadsheets and manual exports fails under agentic AI scale. Automate evidence capture early to avoid reconstruction risk.</p>

<h2>Conclusion — the business case for mapping</h2>
<p>Mapping SOC 2 to ISO 42001 converts redundant compliance activities into a single, auditable program that reduces regulatory, contractual, and operational risk. For AI startups, the efficiency gains are amplified because model lifecycle artifacts are reused across frameworks. When executed with automation, clear ownership, and measurable KPIs, mapping reduces audit time, shortens procurement cycles, and strengthens buyer confidence. The result is not only lower compliance cost but also demonstrably lower residual business risk—an outcome investors, boards, and customers all value.</p>

CSV_COMPARISON_DATA:Overlap:40%;EffortSaved:60%;ToolRequired:ComplianceAutomation;Benefit:DoubleTrust""",https://compliance-tool.com/mapping-guide,https://calendly.com/audit-consult
automated-pci-dss-for-fintech-ai,Automated PCI DSS for Fintech AI: 2026 Trends,Securing cardholder data in AI pipelines. How to automate PCI DSS 4.0 using modern compliance platforms.,PCI DSS for AI,Fintech,20-02-2026,Standard:PCI 4.0;Automation:Full;Evidence:Continuous;Risk:Fintech,"<h2>Automated PCI DSS for Fintech AI — Building Payment-Grade Security in 2026</h2>
<p>Fintech AI products are now deeply embedded in payment flows: fraud detection engines, transaction scoring models, automated underwriting, and embedded finance APIs. That means PCI DSS is no longer just a compliance requirement for your payments team — it is a structural risk control for your AI stack. In 2026, automation is the only realistic way to maintain PCI alignment while models, data pipelines, and agentic workflows evolve daily.</p>

<p>This guide explains how automated PCI DSS controls reduce real business risk for fintech AI companies: fewer audit findings, lower breach probability, faster enterprise onboarding, and measurable reduction in expected financial loss from cardholder data exposure.</p>

<h3>Why PCI DSS matters more for AI-driven fintech</h3>
<p>Traditional PCI programs focused on static infrastructure and defined cardholder data environments (CDEs). AI changes that equation. Models ingest broader datasets, pipelines transform sensitive attributes, and autonomous systems may trigger downstream actions. That increases three exposures:</p>
<ul>
<li>Expanded cardholder data footprint across ML pipelines</li>
<li>Increased attack surface through APIs and third-party integrations</li>
<li>Evidence complexity during QSA audits</li>
</ul>

<p>Automation is not optional. Without it, evidence collection becomes manual, inconsistent, and risky.</p>

<h2>Core PCI DSS domains and how to automate them</h2>

<h3>1. Scope and segmentation of the CDE</h3>
<p>Fintech AI systems often blur environment boundaries. Automated asset discovery and tagging ensure every workload touching Primary Account Numbers (PAN) is identified in real time. Infrastructure as Code (IaC) scanners and continuous cloud configuration monitoring reduce the risk of unscoped resources leaking cardholder data.</p>

<h3>2. Encryption and key management</h3>
<p>Automate enforcement of encryption at rest and in transit for all data stores feeding AI pipelines. Centralized key management with automated rotation policies reduces exposure windows and demonstrates control maturity during audit reviews.</p>

<h3>3. Access control and least privilege</h3>
<p>AI engineers, data scientists, and DevOps teams often require broad access. Automated identity governance tools enforce role-based access control (RBAC), generate periodic access review reports, and flag privilege creep. This reduces insider threat risk and simplifies quarterly PCI access reviews.</p>

<h3>4. Continuous monitoring and logging</h3>
<p>PCI DSS requires detailed logging of access and system events. Agentic AI systems generate massive volumes of logs. Automation pipelines should normalize logs, retain them per PCI requirements, and trigger alerts for anomalous behavior. Tamper-evident storage is critical for audit defensibility.</p>

<h3>5. Vulnerability management and patching</h3>
<p>Automated vulnerability scanners and CI/CD-integrated dependency scanning reduce mean time to remediate. For fintech AI, model containers and feature stores must be included in scan scope, not just traditional servers.</p>

<h2>Architecture blueprint for automated PCI in AI environments</h2>

<h3>Data flow mapping</h3>
<p>Maintain a continuously updated data lineage map that tracks where cardholder data enters, transforms, and exits the system. This reduces scoping errors and shortens QSA walkthroughs.</p>

<h3>Policy-as-code enforcement</h3>
<p>Encode PCI controls directly into deployment pipelines. If encryption, logging, or network segmentation rules fail, deployments should automatically block. This shifts compliance from retrospective audit preparation to preventative control.</p>

<h3>Evidence auto-collection</h3>
<p>Automate screenshot capture, configuration exports, ticket history aggregation, and change logs. A centralized compliance dashboard that maps artifacts directly to PCI control IDs reduces audit prep time by weeks.</p>

<h2>Business impact of automation</h2>

<h3>Reduced breach probability</h3>
<p>Continuous monitoring and automated misconfiguration detection significantly reduce the likelihood of cardholder data exposure — lowering expected incident costs and cyber insurance premiums.</p>

<h3>Faster enterprise procurement</h3>
<p>Enterprise fintech buyers demand proof of PCI alignment. Automated evidence generation accelerates security reviews and reduces back-and-forth during due diligence.</p>

<h3>Lower audit fatigue</h3>
<p>QSAs require consistent artifacts. Automation standardizes evidence output, reducing stress on engineering teams and lowering the risk of audit findings that delay certification.</p>

<h2>Common pitfalls to avoid</h2>

<ul>
<li>Treating PCI as a one-time certification rather than a continuous program</li>
<li>Excluding ML pipelines from CDE scoping</li>
<li>Relying on manual screenshots and spreadsheets for evidence</li>
<li>Ignoring third-party API risk in embedded finance models</li>
</ul>

<h2>2026 best practice stack for fintech AI</h2>

<ul>
<li>Cloud-native configuration monitoring</li>
<li>Automated access reviews and identity governance</li>
<li>CI/CD-integrated security scanning</li>
<li>Centralized immutable logging</li>
<li>Automated evidence dashboards mapped to PCI control families</li>
</ul>

<h2>Conclusion — PCI automation as a growth enabler</h2>
<p>For fintech AI companies, PCI DSS automation is not just a defensive measure. It is a growth accelerator. By embedding controls into infrastructure and AI workflows, organizations reduce breach risk, shorten audit cycles, and build trust with enterprise buyers. In 2026, the companies that treat PCI as code — not paperwork — will move faster and operate with materially lower business risk.</p>

CSV_COMPARISON_DATA:Standard:PCI-DSS;Industry:Fintech;AutomationLevel:Continuous;AuditBenefit:ReducedQSAFindings""",https://compliance-tool.com/pci,https://calendly.com/audit-consult
compliance-automation-for-healthcare-ai,AI in Healthcare: 2026 Compliance Checklist,Ensuring HIPAA and ISO 42001 synergy. Why healthcare AI startups need automated evidence for clinical data.,Healthcare AI,Healthcare,20-02-2026,Frameworks:HIPAA/ISO;Data-Privacy:Critical;Audit:Required;Security:Tier 1,"<h2>Compliance Automation for Healthcare AI — A 2026 Risk Reduction Playbook</h2>
<p>Healthcare AI in 2026 sits at the intersection of two powerful trends: accelerating AI autonomy and intensifying regulatory expectations. Agentic AI agents that suggest or enact clinical workflows increase both the volume and the sensitivity of data processed. At the same time regulators and enterprise buyers expect continuous, auditable proof that systems handling protected health information (PHI) operate under robust technical and organizational controls. For CTOs, CISOs, and GRC leaders the relevant question is practical and urgent: how does compliance automation convert cost into demonstrable business risk reduction?</p>

<p>This guide frames compliance automation for healthcare AI as a measurable business investment. The benefit is not just passing audits. It is shortening procurement cycles, reducing the probability and impact of data breaches, lowering insurer pricing, and preserving customer trust. When PHI exposures can halt revenue, the ROI of automation is realized through avoided incidents, faster enterprise onboarding, and demonstrable readiness for overlapping regimes such as HIPAA, GDPR, and the EU AI Act.</p>

<h2>Why automation is essential for healthcare AI</h2>
<p>Manual compliance processes break under the operational tempo of modern ML systems. Agentic models produce frequent retraining, derived features, and inference artifacts that are distributed across data lakes, feature stores, and edge devices. Reconstructing provenance with spreadsheets and ad hoc scripts is slow and error prone. Automation embeds evidence collection, policy enforcement, and incident workflows into the engineering lifecycle so that compliance becomes a byproduct of product development instead of an expensive, last minute effort.</p>

<p>Automation also materially reduces three correlated business risks. First, regulatory risk: automated evidence reduces the chance that an auditor or regulator finds missing controls or undocumented processing. Second, contractual risk: customers demand rapid, verifiable answers to security questionnaires and BAAs; automation shortens these response windows. Third, operational risk: continuous monitoring and policy gates reduce the window during which model drift or misconfiguration can produce harmful clinical outcomes.</p>

<h3>Regulatory context and overlap to plan for</h3>
<p>Healthcare AI teams must design automation to support overlapping obligations. HIPAA focuses on administrative, physical, and technical safeguards around PHI. GDPR applies where EU data subjects are involved and imposes rights and transfer rules. The EU AI Act layers lifecycle documentation and human oversight duties for high risk systems, which many clinical AI tools will be classified as. Automation should be capable of producing artifacts that satisfy multiple regimes to avoid duplicated work and inconsistent narratives.</p>

<h2>Core automation capabilities that reduce risk</h2>

<h3>1. Continuous data lineage and provenance</h3>
<p>Automated lineage tracks where PHI originates, how it is transformed during feature engineering, and which model versions consumed it. Immutable dataset snapshots and cryptographic hashes are the fast path to proving provenance during audits and DPIAs. Provenance automation reduces reconstruction time from days to minutes and lowers the probability of incomplete responses.</p>

<h3>2. Policy as code and deployment gating</h3>
<p>Encode privacy and security checks into CI/CD. If a training job or deployment violates a retention or deidentification policy, the pipeline should block. Policy as code prevents risky deployments and reduces silent compliance drift that often causes the highest impact failures.</p>

<h3>3. Automated DPIAs and risk scoring</h3>
<p>DPIAs for AI should be generated and versioned automatically from model metadata. Automated DPIAs reduce the chance of stale assessments and provide a defensible history for regulators. Risk scoring that translates technical signals into executive level indicators helps boards and insurers evaluate residual exposure.</p>

<h3>4. Rights orchestration and access automation</h3>
<p>Automated discovery and extraction pipelines speed responses to data subject access or erasure requests. Integrated access reviews and RBAC enforcement reduce unauthorized access to PHI, a common source of enforcement actions.</p>

<h3>5. Continuous monitoring and tamper evident logging</h3>
<p>Monitoring for data leakage, model drift, and anomalous access should trigger tickets with owner assignment and SLAs. Immutable logs support forensic analysis and reduce the chance of contested evidence during investigations.</p>

<h2>Pilot design — prove automation reduces business risk</h2>
<p>Do not buy tooling on promises. Run a focused pilot on a single high risk clinical workflow. The pilot should instrument ingestion, feature transformation, model training, and inference, and then simulate three real scenarios: a BAA level security questionnaire from a hospital procurement team, a DPIA request tied to GDPR, and a hypothetical regulator inquiry under the EU AI Act. Measure baseline and post automation metrics and use them to quantify business impact.</p>

<li>Time to produce a complete provenance package for a model version</li>
<li>Percent of evidence artifacts produced automatically versus manually</li>
<li>Mean time to detect anomalous PHI access or model drift</li>
<li>Time to respond to a data subject request</li>

<h2>Architecture and tooling guidance</h2>
<p>Design automation around four layers. First, ingestion and classification with automated PHI detection and tagging. Second, an immutable evidence store that indexes by dataset id and model id. Third, policy engines integrated into CI/CD that enforce retention, pseudonymization, and deployment gates. Fourth, an orchestration layer tying monitoring alerts into ticketing and incident workflows so remediation is tracked and auditable. Choose tools that natively integrate with your MLOps stack to minimize bespoke engineering.</p>

<h2>Operational and organizational requirements</h2>
<p>Automation does not absolve governance. Define control owners, incident SLAs, and review cadences. Align security, privacy, MLOps, and clinical product teams under a single program office for evidence mapping and auditor liaison. Executive reporting should synthesize KPIs into board level risk metrics: time to evidence, percent automated coverage, and MTTR for PHI incidents.</p>

<h2>Common pitfalls and how to avoid them</h2>
<p>Frequent mistakes are predictable. First, automating the wrong things: focus on provenance, access governance, and monitoring rather than cosmetic dashboard features. Second, delayed DPIA integration: make DPIAs first class and link them to model versions. Third, ignoring supplier risk: third party models and datasets must be onboarded with attestations and exportable provenance. Finally, poor retention planning: short retention windows can backfire if evidence is purged before audits.</p>

<h2>Measuring ROI and communicating value</h2>
<p>Frame automation ROI as reduced expected loss and revenue acceleration. Quantify avoided incident costs, faster procurement days converted to revenue, and lower auditor or remediation labor. Present these as conservative projections to boards and use pilot metrics to validate assumptions. Insurers and investors respond to measured reductions in time to detect and percent of critical controls automated.</p>

<h2>Strategic recommendation</h2>
<p>Healthcare AI leaders should prioritize automation that produces audit grade provenance, enforces privacy policies as code, and orchestrates incident workflows. Start with a high impact clinical workflow, demonstrate measurable reductions in time to evidence and MTTR, and then expand coverage iteratively. Treat compliance automation as risk capital that buys down regulatory, contractual, and operational exposure. In 2026 the organizations that embed defensible compliance into their ML lifecycle will win faster market access, operate with lower insurance costs, and suffer fewer disruptive incidents.</p>

CSV_COMPARISON_DATA:PrimaryRisk:PHIExposure;RegulatoryScope:HIPAA+GDPR+EUAIAct;AutomationLevel:High;BestFor:HealthcareAIStartups""",https://compliance-tool.com/healthcare,https://calendly.com/audit-consult
drata-vs-thoropass-comparison,Drata vs Thoropass: Pure SaaS vs Managed Audit,Choosing between Drata's automated evidence and Thoropass's audit-ready platform for 2026.,Drata vs Thoropass,Comparisons,21-02-2026,Automation:Drata;Audit-Direct:Thoropass;UX:High;Enterprise:Drata,"<h2>Introduction — Drata vs Thoropass in 2026: a risk-first executive view</h2>
<p>The compliance tooling decision in 2026 is a strategic business risk decision for AI companies. Agentic AI and the EU AI Act have elevated lifecycle evidence obligations, increasing both the volume of artifacts that must be retained and the specificity of governance that auditors and buyers demand. In this context, comparing :contentReference[oaicite:0]{index=0} and :contentReference[oaicite:1]{index=1} is less about checklists and more about which vendor reduces regulatory, contractual, and operational risk most effectively for your organization.</p>

<p>Business risk reduction should be the primary procurement metric. That shifts the evaluation from features to measurable outcomes: how fast can evidence be produced for a representative high risk model; what percentage of critical controls are under continuous monitoring; how many engineering hours are required to integrate model registries, dataset versioning, and CI pipelines; and how does the tool shorten procurement cycles or reduce expected remediation costs. These operational KPIs translate directly into commercial benefits such as shorter sales cycles, fewer audit findings, and reduced insurer premiums.</p>

<h3>How 2026 AI trends change the calculus</h3>
<p>Agentic systems create extended decision flows, multi step sessions, and autonomous actions that generate a continuous stream of provenance artifacts. The EU AI Act formalizes lifecycle obligations for high risk systems, requiring demonstrable data governance, validation testing, human oversight mechanisms, and post deployment monitoring. Together these trends mean tools that only automate infrastructure telemetry no longer suffice. Platforms that capture and map model lifecycle evidence automatically materially lower residual regulatory risk.</p>

<h2>Comparing core capabilities through a risk lens</h2>

<h3>Integration depth and evidence continuity</h3>
<p>The first axis of comparison is how natively each platform ingests the sources that matter for AI governance: model registries, dataset stores, feature stores, CI pipelines, and monitoring streams. One platform emphasizes broad cloud and identity connectors that reduce initial onboarding time for standard security frameworks. The other emphasizes MLOps native connectors that pull model hashes, dataset snapshots, validation reports, and retraining triggers into an immutable evidence store. If your company s highest exposure is model provenance and post deployment behavior, deeper MLOps integration reduces reconstruction risk and the probability of incomplete regulatory responses.</p>

<h3>Policy as code and enforceability</h3>
<p>The second axis is whether governance requirements can be codified and enforced in pipelines. Policy as code reduces human error and ensures control execution is consistent across teams. When policies are executable, evidence often becomes a byproduct of normal development rather than a manual artifact assembled for auditors. From a risk perspective, this decreases the chance of control drift and shortens mean time to detect non compliant states.</p>

<h3>Audit readiness and auditor workflows</h3>
<p>The third axis is how each platform supports auditor collaboration and evidence packaging. Platforms with mature auditor workflows and standardized exports reduce auditor fieldwork and lower direct audit cost. They also shorten procurement cycles because many enterprise buyers recognize and accept artifacts produced by familiar tooling. This reduces contractual friction and translates into faster deal velocity.</p>

<h2>Tactical selection playbook for CTOs and GRC leads</h2>

<h3>1. Map your highest business exposures</h3>
<p>Begin with a risk inventory that identifies which systems would generate the largest regulatory, contractual, or reputational harm if governance artifacts were missing. Prioritize a small set of high risk models for initial automation.</p>

<h3>2. Pilot a representative high risk pipeline</h3>
<p>Run a short pilot that instruments data ingestion, training, validation, and production inference. Simulate two diligence scenarios: an enterprise procurement questionnaire focused on security and privacy, and an EU AI Act style lifecycle evidence request for a high risk model. Measure time to produce complete evidence, percentage of artifacts produced automatically, and engineering hours required for integration.</p>

<h3>3. Measure the right KPIs</h3>
<p>Track time to evidence, percent of critical controls continuously monitored, mean time to detect control drift, and expected reduction in procurement cycle days. Convert these measurements into expected revenue acceleration and avoided remediation costs to compare vendors on a risk adjusted basis.</p>

<h3>4. Consider composability</h3>
<p>Many organizations benefit from a composable stack that leverages the strengths of both vendors: use the faster onboarding and broad infra coverage to reduce immediate procurement friction, while building deep MLOps evidence capture to satisfy EU AI Act obligations and long term regulatory readiness. A staged approach buys down near term commercial risk and hardens lifecycle continuity over time.</p>

<h2>Operational tradeoffs and total cost of ownership</h2>
<p>Initial license price is only one component of TCO. Evaluate subscription cost plus professional services plus internal engineering effort required to achieve required evidence automation. Low subscription cost that requires significant custom engineering is often a false economy because engineering hours are opportunity cost and expand the window of exposure. Conversely, higher tiers that include MLOps connectors and onboarding assistance can deliver superior multi year ROI by reducing repeated remediation and shrinking audit cycles.</p>

<h3>Vendor support and implementation risk</h3>
<p>Implementation quality materially affects risk outcomes. Vendors that provide structured onboarding, integration playbooks, and clear success metrics reduce chances of misconfiguration and evidence gaps. For organizations with small GRC teams, white glove support accelerates correct implementation and thus reduces residual procedural risk.</p>

<h2>Governance and organizational readiness</h2>
<p>Tooling is necessary but not sufficient. Define control owners, escalation paths, and review cadences before scaling automation. Ensure that generated alerts feed into incident workflows with clear SLAs. Without these programmatic elements, automation generates noise rather than reduced exposure. Leadership should report board level KPIs that translate technical telemetry into business risk language.</p>

<h3>Final recommendation</h3>
<p>If your immediate priority is rapid procurement readiness and broad infrastructure automation to unlock early enterprise deals, prioritize the vendor with wider cloud and identity connectors. If your dominant exposure is compliance with lifecycle obligations under the EU AI Act driven by agentic AI features, prioritize the vendor with deeper MLOps integration and policy as code capabilities. The most defensible long term approach for scaling AI companies is hybrid: use fast onboarding to remove immediate commercial friction and build a durable MLOps evidence backbone to reduce systemic regulatory and operational risk as agentic features and lifecycle scrutiny increase.</p>

CSV_COMPARISON_DATA:Integrations:Drata-CloudInfra|Thoropass-MLMops;AI_Fit:Thoropass;BusinessRiskReduction:Drata-Breadth_Thoropass-Depth",https://drata.com/demo,https://calendly.com/audit-consult
vanta-trust-center-features-2026,Vanta Trust Center 2026: Close Deals Faster,Reviewing the 2026 Trust Center updates. How to share your AI compliance posture with buyers instantly.,Vanta Trust Center,Guides,21-02-2026,Sales-Enablement:High;Transparency:Full;Auto-Update:Yes;NDAs:Built-in,"<h2>Vanta Trust Center Features 2026 — A CTO’s Guide to Business Risk Reduction</h2>
<p>In 2026 Vanta’s Trust Center remains a central product for companies that need demonstrable, continuous compliance to unlock enterprise sales and reduce regulatory exposure. But for AI startups the evaluation moves beyond the marketing page. The real question is whether the Trust Center features convert directly into measurable reductions in regulatory, contractual, and operational risk—especially as agentic AI and the EU AI Act increase the volume, velocity, and specificity of required evidence.</p>

<p>This guide examines Vanta Trust Center features through the only lens that matters for leadership: business risk reduction. It explains which features matter for AI lifecycles, how they align with EU AI Act obligations and ISO 42001 expectations, and how to measure the risk reduction they deliver. The objective is practical: help CTOs and GRC leads decide whether Vanta’s Trust Center accelerates sales, shortens audit cycles, and lowers the probability of costly compliance surprises.</p>

<h2>What the Trust Center promises in 2026</h2>
<p>At a high level the Trust Center aggregates continuous control monitoring, evidence exports, questionnaire automation, and auditor collaboration in one place. For non AI workloads this reduces procurement friction and audit labor. For AI workloads the critical question is whether the Trust Center can ingest and preserve lifecycle artifacts—model versions, dataset snapshots, validation outputs, and human oversight logs—or whether teams must bolt on additional MLOps governance tooling to meet AI Act level evidence demands.</p>

<h3>Continuous control monitoring and alerting</h3>
<p>Vanta’s continuous monitoring reduces the window between control failure and detection. For infrastructure and identity controls this directly lowers the probability of breaches and shortens remediation cycles. In an AI context, continuous monitoring must extend to MLOps telemetry to materially reduce lifecycle risk: automated checks for dataset versioning, model registry changes, and monitoring alerts are required to convert control alerts into audit-grade evidence rather than noisy telemetry.</p>

<h3>Evidence exports and auditor packages</h3>
<p>One of the Trust Center’s strengths is its ability to compile auditor-ready packages quickly. This reduces audit fieldwork hours and speeds certification cycles. For AI models, the value increases if the exports include immutable hashes and linked artifacts that show the lineage from dataset to model to validation report. Without these links exports risk being partially useful and still requiring manual reconstruction—keeping residual regulatory risk high.</p>

<h3>Questionnaire automation and customer diligence</h3>
<p>Automated answers to common security questionnaires dramatically shorten procurement timelines. The business benefit is straightforward: fewer lost deals and faster revenue recognition. For AI features, questionnaire automation must be supplemented with model governance evidence containers so that responses referencing model testing, fairness assessments, or oversight practices can be substantiated with exported artifacts on demand.</p>

<h3>Policy mapping and framework coverage</h3>
<p>Vanta maps controls to common frameworks such as SOC 2 and ISO 27001 and provides templates that reduce configuration ambiguity. In 2026, teams should evaluate whether Trust Center mappings can be extended or customized to cover ISO 42001 or EU AI Act artifact requirements. Effective mapping reduces duplication of effort by letting one evidence source satisfy multiple framework claims, which is a major driver of operational efficiency and reduced audit fatigue.</p>

<h3>Integration ecosystem</h3>
<p>Vanta’s integrations with cloud providers, identity systems, ticketing, and source control are critical for automated evidence capture. For AI companies inspecting the Trust Center, the most important integrations are those that reach into MLOps: model registries, dataset stores, feature stores, and validation systems. Native or low friction connectors into these systems reduce bespoke engineering and lower the chance of incomplete evidence during regulatory review.</p>

<h2>How Vanta’s Trust Center reduces business risk—practical metrics</h2>
<p>To evaluate risk reduction, measure the features in terms of outcomes, not capabilities. Useful KPIs include time to produce a complete evidence package for a model lifecycle request, percentage of critical controls under continuous monitoring, mean time to detect and remediate control drift, and reduction in auditor fieldwork hours. These metrics translate directly into commercial benefits: shorter procurement cycles, fewer remediation sprints, and lower expected loss from regulatory or reputational incidents.</p>

<li>Time to evidence for a high risk model lifecycle request (days -> minutes)</li>
<li>Percent of AI lifecycle controls with automated evidence capture</li>
<li>Reduction in auditor fieldwork hours for procurement and certification</li>
<li>Mean time to detect model drift or policy violations</li>

<h2>Gaps to watch for with AI and agentic systems</h2>
<p>Vanta’s Trust Center excels at traditional telemetry and questionnaire automation, but AI-specific proof has unique demands. Agentic systems produce session histories, decision chains, and retraining triggers that require tamper-evident capture and linking to control statements. If the Trust Center’s native connectors don’t capture these artifacts, teams either accept residual regulatory risk or build brittle custom pipelines. For many AI startups, the pragmatic approach is a composable stack: Vanta for baseline controls and a dedicated MLOps governance layer for lifecycle artifacts.</p>

<h3>Common augmentation patterns</h3>
<li>Pair Trust Center with an MLOps governance tool that captures model hashes and dataset lineage</li>
<li>Use policy-as-code in CI/CD to enforce gating rules and feed evidence into Vanta</li>
<li>Map Vanta exports to ISO 42001 control artifacts to reduce duplication</li>

<h2>Operational playbook—pilot to prove value</h2>
<p>Run a scoped pilot that instruments one high risk AI pipeline and simulates two diligence scenarios: an enterprise SOC 2 procurement questionnaire and an EU AI Act lifecycle evidence request. Measure how much of the evidence Vanta collects automatically versus what requires manual assembly. Use these pilot results to quantify engineering hours saved, days shaved off procurement, and reduction in expected remediation cost. Negotiate onboarding deliverables and integration credits based on pilot KPIs to ensure the Trust Center produces the intended risk reduction.</p>

<h2>Final recommendation for CTOs and GRC leaders</h2>
<p>Vanta’s Trust Center remains a strong foundation for continuous compliance and procurement readiness. Its core features shorten audits, automate questionnaires, and centralize evidence for traditional security and privacy controls. For AI startups, the Trust Center should be evaluated as part of a composable risk architecture: use Vanta to reduce transaction and infrastructure risk quickly, and complement it with MLOps-native governance tooling to capture the lifecycle artifacts required by agentic AI scrutiny and the EU AI Act. Measure vendor outcomes using time to evidence and percent automated coverage, and align purchases to measurable reductions in business risk rather than feature checklists.</p>

CSV_COMPARISON_DATA:Features:ContinuousEvidence+QuestionnaireAutomation;Integrations:Cloud+Identity+MLOps;BusinessRiskReduction:High""",https://vanta.com/partner,https://calendly.com/audit-consult
best-compliance-software-for-saas,Top 7 Compliance Platforms for SaaS 2026,Ranked list of SOC 2 and ISO 27001 platforms specifically for B2B SaaS growth.,Compliance for SaaS,Market Research,22-02-2026,Focus:B2B SaaS;Scale:Tier 1;Frameworks:SOC2/ISO;Price:Variable,,https://compliance-tool.com/saas,https://calendly.com/audit-consult
iso-27001-vs-iso-42001-for-ai,ISO 27001 vs ISO 42001: Which Do AI Startups Need?,Understanding the difference between Information Security (27001) and AI Management (42001) standards.,ISO 27001 vs ISO 42001,Governance,22-02-2026,ISO-27001:Security;ISO-42001:AI-Specific;Overlap:30%;Audit:Separate,"<h2>ISO 27001 vs ISO 42001 for AI in 2026 — Strategic Risk Framing for CTOs</h2>
<p>By 2026 AI companies face a pragmatic governance choice: rely on ISO 27001 for information security or add ISO 42001 to cover AI lifecycle risk. This is not a question of marketing badges. It is a question of which framework most effectively reduces the highest probability and highest impact business risks your organization faces. ISO 27001 secures data, systems, and processes. ISO 42001 codifies an Artificial Intelligence Management System that focuses on model governance, provenance, accountability, and continuous oversight. For AI native firms, the difference directly affects regulatory exposure under the EU AI Act, procurement timelines, and board level risk posture.</p>

<p>The most useful way to compare the two standards is to look at the risks they control. ISO 27001 reduces risks tied to confidentiality, integrity, and availability of information assets. It is essential for preventing data breaches, controlling access, and ensuring secure operations. ISO 42001 reduces risks that are unique to AI systems: undocumented model changes, opaque decision logic, biased outcomes, insufficient human oversight, and failures in lifecycle traceability. In practical terms, ISO 27001 guards the infrastructure that supports AI. ISO 42001 governs the models themselves and the processes that produce and operate them.</p>

<h3>Why the distinction matters now</h3>
<p>Two converging trends make this distinction urgent. First, agentic AI and autonomous agents have increased the volume and granularity of evidence required to demonstrate safe operation. Decision traces, retraining events, session histories, and human override logs are now routine evidence requests from buyers and regulators. Second, the EU AI Act has formalized lifecycle obligations for systems classified as high risk. Meeting those obligations requires demonstrable provenance and ongoing monitoring that go beyond traditional information security controls. As a result, organizations that rely solely on ISO 27001 may face gaps when auditors or procurement teams request AI specific documentation.</p>

<h2>What ISO 27001 delivers</h2>
<h3>Core focus</h3>
<p>ISO 27001 establishes an Information Security Management System. It defines governance elements such as documented policies, risk assessment processes, asset management, access control, cryptography, supplier relationships, incident response, and business continuity. For many SaaS companies, ISO 27001 is sufficient to reduce infrastructure risk and provide a credible signal to enterprise buyers that systems are managed securely.</p>
<h3>Business outcomes</h3>
<p>Holding ISO 27001 typically shortens procurement cycles for standard enterprise security reviews, lowers the probability of data breach related incidents, and improves outcomes in cyber insurance underwriting. It also provides a governance backbone that can be extended to include AI specific practices.</p>

<h2>What ISO 42001 adds</h2>
<h3>Core focus</h3>
<p>ISO 42001 creates an Artificial Intelligence Management System. Its emphasis is on lifecycle traceability: data governance for training sets, model validation and testing, fairness and bias assessments, human oversight definitions, explainability practices, and continuous post deployment monitoring. The standard requires policies and evidence that show models were developed, validated, and monitored according to repeatable procedures.</p>
<h3>Business outcomes</h3>
<p>ISO 42001 alignment improves regulatory defensibility under AI specific laws, reduces contractual friction when buyers require lifecycle proof, and lowers the chance of reputational damage from algorithmic failures. It specifically targets the risks created by agentic systems and continuous retraining pipelines.</p>

<h2>Overlap and divergence</h2>
<h3>Shared governance primitives</h3>
<p>Both standards require documented policies, defined roles and responsibilities, risk assessment cycles, supplier management, and continuous improvement. If an organization already maintains a mature ISO 27001 ISMS, many governance mechanisms required by ISO 42001 will already exist in principle, which reduces incremental implementation effort.</p>
<h3>Key divergences</h3>
<p>ISO 27001 does not require detailed model lineage or fairness testing. It focuses on protecting information assets and infrastructure. ISO 42001 explicitly requires lifecycle documentation from data ingestion through training, validation, deployment, and monitoring. That lifecycle perspective is the core value of ISO 42001 for AI systems that affect high impact outcomes.</p>

<h2>Business risk comparison</h2>
<h3>Regulatory exposure</h3>
<p>For companies operating in or selling to the EU, ISO 42001 provides stronger alignment with the lifecycle obligations embedded in the EU AI Act. Having 42001 evidence reduces the probability of regulatory findings related to model governance. ISO 27001 alone may not satisfy detailed lifecycle inquiries.</p>
<h3>Contractual and procurement friction</h3>
<p>Enterprise buyers increasingly request AI specific evidence in addition to traditional security assurance. ISO 42001 can shorten negotiation and diligence when AI features are material to product value. ISO 27001 remains a universal baseline that many procurement teams expect before deeper AI governance is considered.</p>
<h3>Operational resilience</h3>
<p>ISO 27001 reduces the probability and impact of breaches and infrastructure outages. ISO 42001 reduces the risk of silent model failures, undocumented retraining events, and biased outcomes that can cause legal and reputational losses. For AI heavy products, the latter risks often dominate.</p>

<h2>Adoption pathways and practical guidance</h3>
<h3>Path A: Security first, then AI governance</h3>
<p>Start with ISO 27001 to build a stable ISMS and then layer ISO 42001. This phased approach spreads cost and leverages existing governance practices. Map controls that overlap across both standards to reuse evidence and minimize duplication.</p>
<h3>Path B: AI first for AI native firms</h3>
<p>Organizations whose core product is AI and whose models drive regulated outcomes may adopt ISO 42001 early and integrate security controls in parallel. This prioritizes lifecycle governance and regulatory readiness.</p>
<h3>Path C: Parallel adoption with automation</h3>
<p>Large or highly regulated firms can implement both in parallel using compliance automation tools that map artifacts across frameworks. Automating evidence capture from model registries, dataset stores, CI/CD, and monitoring platforms reduces manual work and accelerates certification timelines.</p>

<h2>Cost, ROI, and practical tradeoffs</h2>
<p>The incremental cost of ISO 42001 often depends on the depth of automation and monitoring required. Tools that automate dataset snapshots, model hashes, validation outputs, and monitoring alerts reduce long term labor cost and improve audit readiness. The ROI appears in faster procurement cycles, fewer remediation sprints, and lower regulatory uncertainty. For AI first organizations, the investment in ISO 42001 often pays back through accelerated deals and reduced compliance risk.</p>

<h2>Strategic recommendation</h2>
<p>ISO 27001 remains essential as the baseline for information security. ISO 42001 becomes strategically important for AI native organizations, especially those with agentic capabilities or plans to operate in EU markets. For most scaling AI companies the optimal approach is phased expansion: achieve ISO 27001 maturity first, then layer ISO 42001 lifecycle governance to close the AI specific gap. This combined posture produces the strongest measurable reduction in regulatory, contractual, and operational exposure.</p>

CSV_COMPARISON_DATA:SecurityFocus:ISO27001;AIGovernance:ISO42001;Overlap:50%;RecommendedStrategy:PhasedExpansion""
",https://compliance-tool.com/iso-diff,https://calendly.com/audit-consult
automated-gdpr-compliance-for-ai,Automated GDPR for AI: Dealing with Data Deletion,How platforms like Drata and Vanta handle Right to be Forgotten and AI training data under GDPR in 2026.,GDPR for AI,Privacy,23-02-2026,Region:EU;Data-Deletions:Auto;Training-Logs:Yes;Fines:High,"<h2>Automated GDPR Compliance for AI — A 2026 Risk Reduction Playbook</h2>
<p>In 2026 GDPR compliance for AI systems is no longer a legal check box. It is a business risk control that directly impacts market access, customer trust, contract terms, and potential fines. Agentic AI and increasingly dynamic model lifecycles amplify data processing complexity: models learn from streaming data, agents take actions across services, and retraining cycles produce changing derivative data. Automation is the only realistic way to keep evidence current, to reduce the probability of regulatory findings, and to demonstrate defensible processes during procurement and enforcement inquiries.</p>

<p>This guide reframes GDPR compliance for AI as measurable business risk reduction. It focuses on the controls and automated tooling that shorten time to evidence, lower the likelihood of incidents, and reduce the operational cost of rights handling and audits. The goal is to provide CTOs, CISOs, and GRC leaders with a practical roadmap to embed privacy into ML lifecycles so compliance becomes a byproduct of engineering, not an expensive manual afterthought.</p>

<h3>Why automation matters for GDPR in AI</h3>
<p>Two forces drive the need for automation. First, agentic AI generates high volume, high velocity processing events and decision traces that create obligations under data protection law. Second, the EU AI Act increases documentation and governance expectations for high risk systems. Together these regimes require demonstrable records of processing activities, data minimization, lawful basis, Data Protection Impact Assessments, technical and organizational measures, and timely responses to data subject requests. Manual processes break at scale and create windows of exposure that translate into regulatory and commercial risk.</p>

<h2>Core GDPR controls that must be automated for AI</h2>

<h3>Data inventory and lineage</h3>
<p>Automated discovery and classification of personal data across datasets and pipelines is foundational. Systems must identify where personal data and identifiers enter training data, how they transform through feature engineering, and where derived data persists. Automation that captures dataset hashes, provenance metadata, and dataset versions reduces reconstruction time for auditors and shortens incident response.</p>

<h3>Lawful basis and purpose limitation tracking</h3>
<p>Every processing purpose should be codified and linked to a lawful basis. Automation ties code branches, data pulls, and model training jobs to declared purposes so that auditing is a query rather than a manual collection. This prevents drift between stated purposes and actual use, which is a common regulatory finding.</p>

<h3>Data Protection Impact Assessments</h3>
<p>DPIAs must be dynamic for AI. Automated DPIA templates that ingest model type, data categories, inference risk level, and externalities accelerate risk identification and alignment with Article 35 expectations. Integration with model registries ensures DPIAs are versioned and reflect the deployed model state at any given time.</p>

<h3>Technical and organizational measures</h3>
<p>Automation enforces pseudonymization, encryption, access controls, and retention rules at pipeline level. For example, deployment gates can block training jobs if pseudonymization checks fail. Automated key rotation, context aware access policies, and immutable audit logs materially reduce the likelihood of avoidable breaches and therefore potential fines.</p>

<h3>Data subject rights handling</h3>
<p>Automated discovery and extraction of personal data across training and derived artifacts is essential for timely responses. Rights requests such as access, rectification, erasure, and objection must be actionable across model inputs, feature stores, and inference logs. Automation reduces response time and the risk of non compliant handling.</p>

<h3>Cross border transfers and legal mechanisms</h3>
<p>Automating transfer mapping and contractual checks for third party processors reduces exposure when exporting data. Systems should tag records subject to transfer restrictions and ensure only validated transfer mechanisms, such as adequacy decisions or updated SCCs, are applied.</p>

<h2>Interplay with the EU AI Act and other regimes</h2>
<p>GDPR obligations intersect with the EU AI Act. High risk AI systems require additional transparency, human oversight, and documentation. Automating GDPR compliance positions organizations to meet AI Act obligations more efficiently because many artifacts overlap: records of processing, DPIAs, monitoring outputs, and human oversight logs can serve both regimes when produced consistently and immutably.</p>

<h2>Operational architecture for automated GDPR compliance in AI</h2>

<h3>Evidence layer</h3>
<p>Create an immutable evidence store that ingests dataset snapshots, model hashes, training metadata, validation reports, and decision logs. Evidence must be queryable by model id, dataset id, and time window to support audits and rights requests.</p>

<h3>Policy as code</h3>
<p>Define privacy policies as executable gates in CI/CD. Policies should enforce lawful basis tagging, retention rules, and pseudonymization checks. Policy violations must create mandated remediation tickets and block deployment until resolved.</p>

<h3>Integrated DPIA workflows</h3>
<p>DPIA generation should be automated by pulling model metadata and processing descriptions from registries. Review workflows and sign off must be versioned and auditable.</p>

<h3>Rights orchestration</h3>
<p>Implement a rights orchestration engine that locates records across storage layers, feature stores, and inference logs, then assembles responses. Automate redaction or selective deletion for erasure requests scoped to model inputs and feature caches where technically feasible.</p>

<h2>Key metrics and KPIs to demonstrate reduced business risk</h2>
<li>Time to produce processing record for a model or dataset</li>
<li>Percent of rights requests fully automated end to end</li>
<li>Percent of models with an attached, current DPIA</li>
<li>Mean time to detect and contain a data leak involving personal data</li>
<li>Percent of training jobs blocked by policy-as-code violations</li>

<h2>Pilot design: prove automation reduces risk</h2>
<p>Run a scoped pilot on a single production model that uses personal data. Instrument end to end: ingestion, feature extraction, training, deployment, and inference logging. Measure baseline metrics for time to evidence and rights handling. Then deploy automated discovery, policy as code, DPIA automation, and rights orchestration. Quantify the delta in response time, manual hours saved, and reduced exposure window. Use these numbers to model expected reduction in probability and impact of fines, contract delays, and remediation costs.</p>

<h2>Vendor and tooling checklist</h2>
<li>Does the tool ingest model registries and feature stores and produce immutable evidence?</li>
<li>Can it automate DPIA generation and link DPIAs to deployed model versions?</li>
<li>Does it provide rights orchestration across structured and unstructured stores?</li>
<li>Does the vendor support policy as code integration with CI/CD and data pipelines?</li>
<li>Does the solution map artifacts to both GDPR and EU AI Act requirements?</li>

<h2>Common pitfalls and how automation mitigates them</h2>
<p>Common failures include stale documentation, inability to locate personal data across pipelines, and ad hoc erasure that breaks model integrity. Automation mitigates these by producing current, linked artifacts and by enforcing policies before data reaches production. The net result is lower probability of regulatory findings, fewer contract failures due to missing evidence, and faster remediation when incidents occur.</p>

<h2>Strategic takeaway</h2>
<p>Treat automated GDPR compliance for AI as a risk reduction investment. Prioritize pilots that demonstrate measurable improvements in time to evidence, rights handling automation, and DPIA coverage. Align metrics with board level risk KPIs and budget automation as a way to buy down regulatory and contractual exposure. In 2026 the companies that automate GDPR for AI will enjoy faster market access, lower compliance labor costs, and a significantly reduced probability of costly enforcement actions.</p>

CSV_COMPARISON_DATA:ComplianceScope:GDPR+AI;AutomationLevel:High;PrimaryBenefit:RiskReduction;TimeToReadiness:3-6Months""",https://compliance-tool.com/gdpr,https://calendly.com/audit-consult
secureframe-pricing-guide-2026,Secureframe Pricing 2026: Hidden Tiers Exposed,Breaking down Secureframe's pricing model for multi-framework compliance. Is it worth the enterprise premium?,Secureframe Pricing,Guides,23-02-2026,Price:Enterprise;Tiers:Modular;Support:White-Glove;Discount:Annual,"<h2>Secureframe Pricing Guide 2026 — Buy Down Risk, Not Just Software</h2>
<p>In 2026 pricing is a strategic instrument that tells you how much of your regulatory and commercial risk you are outsourcing versus retaining. For AI startups facing agentic AI architectures and lifecycle obligations under the EU AI Act, Secureframe s pricing must be evaluated as a risk transfer calculation. The question for CTOs and GRC leaders is not simply how much the platform costs, but how much residual regulatory, contractual, and operational risk remains after purchase, and how quickly that risk is reduced in measurable terms.</p>

<p>Secureframe positions itself as a guided compliance partner that combines automation with consultative onboarding. That hybrid model matters because agentic AI increases the volume and specificity of the evidence auditors and buyers request: immutable dataset snapshots, model registry entries, retraining triggers, decision logs, and human oversight approvals. Automating only infrastructure telemetry addresses a fraction of the problem. Secureframe s value proposition in 2026 is that it reduces both transactional risk and procedural risk by pairing automated evidence pipelines with targeted implementation support that embeds governance into engineering workflows.</p>

<p>Understanding Secureframe pricing requires unpacking three cost dimensions. First, subscription tiers that determine baseline automation coverage and included frameworks. Second, professional services and onboarding, which are often required to map AI lifecycle artifacts into the platform s evidence model. Third, optional integrations or add ons that ingest model registry outputs, dataset versioning streams, and advanced monitoring telemetry. Each dimension affects how quickly you can produce audit grade evidence and therefore how much business risk you remove.</p>

<h3>How pricing maps to risk reduction</h3>
<p>Entry level plans typically deliver immediate reductions in procurement friction by automating standard SOC 2 and ISO 27001 controls such as identity, access, and infrastructure posture. For startups that need a fast signal of trust to land first enterprise customers, this reduces near term commercial exposure. However, entry plans may exclude deeper MLOps integrations. If your product includes agentic features or processes personal data subject to EU AI Act obligations, the absence of native model lifecycle connectors prolongs the window of exposure and increases bespoke engineering costs.</p>

<p>Mid market and enterprise tiers usually include more integrations, longer retention and more hands on onboarding. These features convert into measurable reductions in regulatory exposure because they enable continuous evidence capture across the model lifecycle. The professional services component is particularly important for organizations with limited GRC headcount. Secureframe s white glove orientation reduces implementation risk by ensuring controls are correctly configured and evidence flows are validated during onboarding, not discovered during an audit.</p>

<h3>Professional services as risk capital</h3>
<p>Many teams treat professional services as a one off expense to be minimized. That is a false economy when compliance problems have outsized downside. In 2026 professional services should be evaluated as risk capital: spend some amount of money upfront to ensure controls are implemented correctly and policy as code is embedded in pipelines, and you reduce the expected frequency and impact of audit findings and remediation cycles over time. Secureframe often bundles implementation frameworks that accelerate this conversion from spend to demonstrable risk reduction.</p>

<h2>Feature buckets that affect price and outcome</h2>

<h3>Onboarding and implementation</h3>
<p>Faster, guided onboarding reduces time to evidence and shortens the procurement window. Secureframe s higher tiers include more white glove hours and a structured remediation plan designed to eliminate common misconfigurations that generate audit findings.</p>

<h3>Integrations and MLOps connectors</h3>
<p>Native connectors for model registries, dataset stores, CI pipelines, and monitoring systems directly reduce reconstruction risk. If these connectors are optional or sold as add ons, factor their cost into the first year TCO and the estimated time to achieve continuous lifecycle evidence.</p>

<h3>Questionnaire automation and audit orchestration</h3>
<p>Features that automate repeated questionnaire responses and streamline auditor access lower labor costs and reduce audit duration. These features translate directly into avoided engineering and legal hours during diligence cycles.</p>

<h3>Retention and tamper evidence</h3>
<p>Longer retention windows and tamper evident storage are valuable for EU AI Act style requests that require historical traceability. Plans that include extended retention reduce the risk of failing to produce historic artifacts on demand.</p>

<h2>Practical pricing evaluation checklist</h2>
<li>List the specific AI lifecycle artifacts you must capture and confirm whether they are included in the subscription or sold as add ons</li>
<li>Estimate internal engineering hours required to build missing connectors if not provided by the vendor</li>
<li>Quantify expected reductions in procurement cycle days and audit remediation hours as monetary benefits</li>
<li>Model first year and three year TCO including subscription, onboarding, professional services, and internal labor</li>
<li>Negotiate implementation deliverables tied to measurable KPIs such as percent of critical controls on continuous monitoring</li>

<h2>Negotiation levers that reduce effective cost</h2>
<p>Ask for integration credits tied to delivery milestones. Use pilot metrics to negotiate audit discounts or bundled auditor introductions. Clarify retention and export policies up front so you avoid unexpected migration costs later. Secureframe s customers often obtain packaged deals that include a combination of subscription and implementation hours; demanding clear success metrics converts upfront fees into measurable outcomes.</p>

<h3>When higher price is the right answer</h3>
<p>Buy the higher tier when your marginal exposure to regulatory or contractual failure is high. Examples include agentic AI features with EU market exposure, complex third party supplier chains, or plans to sell into highly regulated verticals. The incremental cost is justified if it shortens procurement cycles, reduces the probability of major audit findings, or lowers insurance loadings.</p>

<h3>When a lean plan makes sense</h3>
<p>If your short term priority is rapid enterprise traction with a small surface area of AI risk, a lower tier that covers baseline controls can be optimal. Pair it with a road map to expand lifecycle coverage as systems scale so you do not extend a window of elevated regulatory exposure.</p>

<h2>Sample TCO scenarios</h2>
<p>Scenario one: A lean startup buys an entry plan to achieve SOC 2 readiness quickly and budgets a small integration effort for model artifact exports. This reduces initial procurement friction but retains some bespoke engineering risk.</p>
<p>Scenario two: A mid market AI firm purchases a mid tier with bundled onboarding and MLOps connectors. The higher upfront fee is offset by faster responses to lifecycle evidence requests and fewer remediation sprints during audits.</p>
<p>Scenario three: A regulated enterprise invests in an enterprise bundle with extended retention and guaranteed SLAs. The investment is justified by the need for durable traceability to meet EU AI Act obligations and to negotiate favorable contract terms with buyers and insurers.</p>

<h2>Final recommendation</h2>
<p>Evaluate Secureframe pricing as a capital allocation decision that buys down your highest probability and highest impact exposures. Use a pilot to transform vendor claims into measurable KPIs: time to produce a full lifecycle evidence package, percent of critical controls on continuous monitoring, and reduction in audit remediation hours. Negotiate implementation credits and explicit success metrics. In 2026 the right Secureframe plan is the one that demonstrably reduces residual regulatory, contractual, and operational risk per dollar invested.</p>

CSV_COMPARISON_DATA:EntryPrice:$8k-$25k;Support:White-GloveAvailable;Automation:80%;BestFor:Mid-MarketAIStartups""",https://secureframe.com/demo,https://calendly.com/audit-consult
best-compliance-platforms-for-azure,Best Compliance Automation for Azure AI 2026,"Comparing Drata, Vanta, and Secureframe for Microsoft Azure environments and OpenAI deployments.",Azure Compliance Software,Infrastructure,24-02-2026,Cloud:Azure;Integration:Deep;Framework:SOC2/ISO;AI-Link:OpenAI,"<h2>Best Compliance Platforms for Azure in 2026 — Reducing AI Risk in a Microsoft-Centric Stack</h2>
<p>Azure-first startups and scaleups face a distinct compliance profile in 2026. Microsoft-native architectures often integrate Entra ID, Defender, DevOps pipelines, and Azure AI services. When agentic AI features are layered into this environment, regulatory exposure expands beyond traditional infrastructure controls into model lifecycle governance, data lineage, and autonomous decision traceability. Choosing the best compliance platform for Azure is therefore not a tooling preference. It is a strategic risk mitigation decision that directly affects enterprise sales velocity, audit outcomes, and regulatory defensibility.</p>

<p>The EU AI Act, increasing enterprise procurement rigor, and rising cyber insurance scrutiny have converged to create a new baseline expectation: continuous evidence. Static screenshots and quarterly reviews are no longer sufficient. Compliance platforms must automatically ingest telemetry from Azure subscriptions, DevOps pipelines, and AI services to ensure control validation is continuous and auditable. Platforms that lack deep Azure integration introduce manual processes that increase operational risk and delay responses to audits or due diligence requests.</p>

<h3>Why Azure environments require tailored compliance tooling</h3>
<p>Azure environments differ structurally from other cloud stacks. Policy enforcement often relies on Azure Policy, Role Based Access Control, and resource group segmentation. Many AI workloads use Azure OpenAI, Machine Learning workspaces, or Cognitive Services. A compliance platform must interpret these configurations correctly and map them to control objectives across SOC 2, ISO 27001, GDPR, and emerging AI governance standards. Without Azure-native connectors, evidence capture becomes fragmented and increases the probability of audit findings.</p>

<h2>Core capabilities to demand in 2026</h2>

<h3>1. Deep Azure API integration</h3>
<p>The platform should connect directly to Azure subscriptions to monitor identity roles, network configurations, encryption states, and logging policies. Continuous validation reduces configuration drift risk and limits exposure to misconfigured resources.</p>

<h3>2. DevOps and CI/CD monitoring</h3>
<p>Azure DevOps pipelines should be integrated to capture build approvals, deployment controls, and change management evidence. This reduces procedural risk and ensures traceability of code changes impacting AI systems.</p>

<h3>3. AI lifecycle ingestion</h3>
<p>If Azure Machine Learning or AI services are used, the platform must capture model versions, training artefacts, evaluation metrics, and monitoring alerts. This is critical for EU AI Act readiness and for demonstrating human oversight in agentic systems.</p>

<h3>4. Multi-framework mapping</h3>
<p>Azure-centric companies often pursue SOC 2 first, then ISO 27001 or ISO 42001. A compliance platform should map overlapping controls automatically, reducing duplication and saving engineering time.</p>

<h3>5. Audit and questionnaire automation</h3>
<p>Enterprise customers frequently request detailed security questionnaires. Automation that reuses Azure-derived evidence to populate responses shortens sales cycles and reduces manual workload.</p>

<h2>Categories of compliance platforms for Azure</h2>

<h3>Infrastructure-focused automation tools</h3>
<p>These platforms emphasize strong cloud connectors and rapid SOC 2 readiness. They reduce procurement friction quickly and are effective for companies prioritizing early enterprise traction.</p>

<h3>AI-native governance platforms</h3>
<p>Platforms in this category prioritize model lifecycle capture and policy as code enforcement. For Azure users deploying agentic AI or high impact use cases, this category provides stronger long term regulatory defensibility.</p>

<h3>Hybrid advisory-led platforms</h3>
<p>These vendors combine automation with implementation services. For Azure startups without mature GRC teams, this reduces misconfiguration risk and accelerates audit readiness.</p>

<h2>Risk-based evaluation methodology</h2>

<h3>Step 1: Identify Azure-specific exposure</h3>
<p>Assess the sensitivity of data stored in Azure, the autonomy of AI features, and geographic regulatory exposure. Map these risks to required controls.</p>

<h3>Step 2: Pilot on a live subscription</h3>
<p>Connect a sandbox Azure subscription and measure how quickly the platform ingests telemetry and produces control validation evidence.</p>

<h3>Step 3: Simulate an audit scenario</h3>
<p>Request a mock SOC 2 or ISO audit package derived entirely from Azure telemetry. Measure time to assemble and percentage automated.</p>

<h3>Step 4: Calculate ROI</h3>
<p>Estimate reductions in audit remediation hours, sales cycle days, and configuration incident probability. Compare to three year TCO.</p>

<h2>Common Azure compliance pitfalls</h2>
<li>Overreliance on native Azure dashboards without centralized evidence retention</li>
<li>Manual documentation of AI model lifecycle artefacts</li>
<li>Failure to map Azure Policy enforcement to external framework requirements</li>
<li>Delayed integration of compliance tooling until after first enterprise deal</li>

<h2>Strategic recommendation</h2>
<p>The best compliance platforms for Azure in 2026 are those that combine deep Azure API integration with AI lifecycle governance capabilities. Infrastructure automation alone reduces some risk, but AI-enabled SaaS companies require evidence continuity from dataset ingestion to model inference. Select the platform that demonstrably lowers configuration drift probability, accelerates audit readiness, and enables rapid enterprise questionnaire responses. In an Azure-first stack, compliance automation is not overhead. It is a risk reduction engine that protects revenue and valuation.</p>

CSV_COMPARISON_DATA:CloudFocus:Azure;AIReady:Yes;AutomationLevel:High;PrimaryOutcome:ReducedAuditRisk""",https://compliance-tool.com/azure,https://calendly.com/audit-consult
scytale-pricing-and-reviews-2026,Scytale Pricing and Reviews: 2026 Edition,Is Scytale's concierge-style compliance worth the cost? In-depth review of features and technical support.,Scytale Pricing,Guides,24-02-2026,Support:Concierge;Tech:Automated;Price:Mid;Region:Global,"<h2>:contentReference[oaicite:0]{index=0} Pricing and Reviews 2026 — A Risk-First Guide for CTOs</h2>
<p>In 2026 pricing and product reviews must be framed as a business risk conversation, not a feature shopping list. For AI startups the relevant question is this: which platform reduces regulatory, contractual, and operational exposure the fastest and most reliably? Agentic AI and the EU AI Act have increased the volume, velocity, and specificity of evidentiary requirements. That makes a vendor s ability to capture model lineage, dataset provenance, validation artefacts, and human oversight logs — and to do so with low engineering lift — the primary determinant of real commercial value.</p>

<p>This guide evaluates Scytale s pricing and features through that lens. Pricing matters because it signals how much of your risk you are outsourcing to the vendor versus retaining internally. Features matter because they determine the marginal effort your engineering team must spend to create audit-grade evidence. Together they form your effective cost to reduce business risk, expressed in reduced sales cycle days, fewer remediation hours, and a lower probability of regulatory escalation.</p>

<h3>Why 2026 AI trends change the procurement calculus</h3>
<p>Agentic AI produces continuous decision chains and autonomous actions that create transient but audit-relevant artefacts. The EU AI Act requires lifecycle proof for high risk systems: documented data governance, validation tests, human oversight measures, and post deployment monitoring. For vendors this means two capabilities are non negotiable: first, native ingestion of MLOps sources so that evidence is produced automatically; second, immutable evidence storage and export formats auditors accept. Pricing that excludes these capabilities shifts cost and risk back onto your team.</p>

<h3>Scytale pricing model — what you pay for</h3>
<p>Scytale s pricing in 2026 commonly includes three components. Subscription tiering covers baseline platform access and number of systems or models under management. Professional services cover onboarding, mapping of controls, and custom connector development. Add-ons cover advanced retention, tamper evidence, or premium support. From a risk perspective the decisive variable is whether the tier you choose includes native connectors for model registries, dataset versioning, and CI/CD pipelines; if not, expect integration hours that materially increase your first year TCO.</p>

<h3>Features that convert directly into risk reduction</h3>
<p>Not all features are equal. Prioritize capabilities that lower the probability and impact of bad outcomes:</p>
<li>Native MLOps ingestion: automatic capture of model versions, dataset snapshots, and validation reports reduces reconstruction risk.</li>
<li>Policy as code: executable governance gates enforce controls and produce consistent evidence rather than manual checklists.</li>
<li>Immutable evidence store: tamper-evident storage and cryptographic hashes simplify auditor acceptance and reduce dispute risk.</li>
<li>Continuous monitoring: automated drift, fairness, and performance alerts shorten mean time to detect and remediate.</li>
<li>Audit exports and questionnaire templates: ready exports cut auditor fieldwork and procurement friction.</li>

<h3>How Scytale compares to common alternatives</h3>
<p>When evaluating Scytale against incumbent compliance platforms, focus on integration relevance and pilot metrics. Platforms that excel at cloud and identity telemetry reduce initial SOC 2 friction. Platforms that are MLOps native reduce lifecycle and AI Act risk. The optimal choice depends on your immediate exposure: if procurement speed is critical, a broad infra focused platform can unlock revenue quickly. If lifecycle proof is the dominant risk for selling into regulated markets, Scytale s MLOps orientation often produces a superior long term reduction in regulatory and contractual exposure.</p>

<h3>Customer fit and real world reviews</h3>
<p>Customer feedback in 2026 clusters around two experiences. Teams with mature MLOps practices report rapid value from Scytale: connectors reduce manual evidence tasks and policy as code enforces consistent gating. Early stage teams with limited MLOps maturity find onboarding requires more coordination, but when supported by vendor professional services they typically achieve measurable reductions in audit prep time and questionnaire turnaround. Reviewers consistently highlight that the onboarding model and included integration credits materially affect first year ROI.</p>

<h3>Pilot design — measure what matters</h3>
<p>Don't buy on claims. Run a focused pilot to measure tangible risk reduction. Suggested pilot scope:</p>
<li>Instrument one high risk model pipeline end to end from ingestion to inference.</li>
<li>Simulate two diligence scenarios: a procurement SOC 2 questionnaire and an EU AI Act lifecycle request for the model.</li>
<li>Measure time to produce complete evidence, percentage of artefacts produced automatically, and engineering hours required for integration.</li>
<li>Translate results into expected revenue acceleration and avoided remediation labor to compute payback period.</li>

<h3>Negotiation and procurement tips</h3>
<p>Negotiate integration deliverables and success metrics into the contract. Seek credits for professional services if connectors are delayed. Insist on clear retention and export terms so evidence remains portable for auditor review or vendor migration. Tie renewal pricing to achieved KPIs such as percent of critical controls on continuous monitoring.</p>

<h3>When Scytale is the right choice</h3>
<p>Scytale is a strong fit when your primary exposure is AI lifecycle proof needed for regulated markets, enterprise buyers, or EU deployments. It often delivers faster reductions in regulatory and contractual risk per engineering dollar, provided you budget for the initial MLOps coordination. If your immediate need is rapid SOC 2 readiness with minimal engineering lift, pairing a fast infra automation tool with Scytale for lifecycle capture can offer the best combined outcome.</p>

<p>In 2026 the winning procurement strategy is measured pilots and risk adjusted buying. Treat pricing and features as levers you use to buy down the highest probability, highest impact exposures. When evaluated this way, Scytale often stands out for AI native organizations that must demonstrate lifecycle governance to customers and regulators.</p>

CSV_COMPARISON_DATA:EntryModel:Tiered+Services;KeyFeatures:MLOpsIngestion+PolicyAsCode+ImmutableStore;BestFit:AI-Regulated;Payback:6-12Months""",https://scytale.ai/start,https://calendly.com/audit-consult
compliance-automation-for-aws-startups,AWS Compliance 2026: Automating Security in the Cloud,How to use Vanta and Drata to secure AWS Bedrock and SageMaker for 2026 audits.,AWS Compliance,Infrastructure,25-02-2026,Cloud:AWS;Bedrock-Support:Yes;Automation:High;Framework:SOC2,"<h2>Compliance Automation for AWS Startups — A 2026 Risk Reduction Blueprint</h2>
<p>For AWS-native startups in 2026, compliance is no longer a late-stage checkbox. It is a growth dependency. Enterprise buyers require proof of security maturity. Regulators expect structured governance. Cyber insurers demand demonstrable controls. And investors increasingly view compliance posture as a proxy for operational discipline.</p>

<p>The challenge is speed. Startups move fast. Infrastructure changes daily. Engineering teams deploy continuously. Manual compliance cannot keep pace with cloud-native velocity. The only viable model is compliance automation — embedding controls directly into AWS infrastructure so evidence is generated continuously, not assembled retroactively.</p>

<p>This guide explains how AWS startups can operationalize compliance automation to reduce real business risk: shortened procurement cycles, lower breach probability, and predictable audit outcomes.</p>

<h2>Why AWS startups face unique compliance pressure</h2>
<p>AWS enables rapid scaling through managed services, serverless compute, container orchestration, and infrastructure as code. But this flexibility creates three structural risks:</p>
<ul>
<li>Configuration drift across environments</li>
<li>Expanding cloud asset inventory without centralized visibility</li>
<li>Evidence sprawl across logs, tickets, repositories, and IAM policies</li>
</ul>

<p>Without automation, startups spend weeks preparing for SOC 2, ISO 27001, PCI DSS, or customer security questionnaires — diverting engineering focus from product development.</p>

<h2>What compliance automation actually means in AWS</h2>
<p>Compliance automation is not simply installing a monitoring tool. It is the systematic embedding of controls into infrastructure, CI/CD pipelines, and identity systems so that policy enforcement and evidence capture occur continuously.</p>

<h3>1. Infrastructure as Code enforcement</h3>
<p>All AWS resources — VPCs, IAM roles, S3 buckets, RDS instances — should be provisioned through Infrastructure as Code (IaC). Policy-as-code tools evaluate templates before deployment. If encryption, logging, or segmentation controls fail, the pipeline blocks automatically. This prevents misconfigurations instead of discovering them later.</p>

<h3>2. Continuous cloud configuration monitoring</h3>
<p>AWS-native services such as AWS Config and CloudTrail provide real-time configuration and event tracking. Automated rules detect deviations from baseline policies, triggering alerts and remediation workflows. This reduces the window of exposure and supports continuous control validation.</p>

<h3>3. Identity and access automation</h3>
<p>IAM sprawl is one of the highest risk areas for startups. Automated access reviews, role-based access control enforcement, and privilege escalation detection reduce insider and credential compromise risk. Quarterly reviews become evidence exports instead of spreadsheet exercises.</p>

<h3>4. Centralized logging and retention</h3>
<p>Compliance frameworks require log retention and tamper resistance. Automated log aggregation into centralized storage with immutable retention policies ensures defensibility during audits or incident investigations.</p>

<h3>5. CI/CD-integrated security scanning</h3>
<p>Integrate vulnerability scanning, dependency checks, and container image analysis directly into deployment workflows. Every build should generate artifacts that map to security controls, reducing audit preparation overhead.</p>

<h2>Framework alignment for AWS startups</h2>
<p>Most AWS startups pursue one or more of the following:</p>
<ul>
<li>SOC 2 for enterprise procurement</li>
<li>ISO 27001 for international credibility</li>
<li>PCI DSS for payment processing</li>
<li>HIPAA for healthcare workloads</li>
</ul>

<p>Automation allows evidence reuse across frameworks. For example, encryption enforcement in AWS KMS supports SOC 2, ISO 27001, and PCI DSS simultaneously. Access control logs satisfy multiple control families. Centralizing artifacts eliminates duplication and reduces audit fatigue.</p>

<h2>Architecture blueprint for 2026</h2>

<h3>Layer 1 — Secure baseline</h3>
<p>Harden AWS accounts with multi-account architecture, strict IAM boundaries, centralized logging, and network segmentation.</p>

<h3>Layer 2 — Automated monitoring</h3>
<p>Deploy continuous configuration scanning, vulnerability detection, and anomaly monitoring across compute, storage, and serverless workloads.</p>

<h3>Layer 3 — Evidence orchestration</h3>
<p>Map technical artifacts directly to compliance control IDs within a centralized dashboard. Automate screenshot capture, policy exports, change history, and access review documentation.</p>

<h3>Layer 4 — Executive reporting</h3>
<p>Translate control telemetry into business-level metrics: percentage of automated controls, mean time to remediate findings, audit readiness score, and policy coverage ratio.</p>

<h2>Business impact of compliance automation</h2>

<h3>1. Faster enterprise sales cycles</h3>
<p>Security questionnaires shrink from weeks to hours when evidence is pre-mapped and exportable.</p>

<h3>2. Reduced breach probability</h3>
<p>Continuous misconfiguration detection lowers the likelihood of data exposure events that could materially damage early-stage companies.</p>

<h3>3. Lower audit costs</h3>
<p>Automated evidence reduces consultant hours and audit preparation effort.</p>

<h3>4. Engineering efficiency</h3>
<p>Shifting compliance left into CI/CD prevents reactive remediation and minimizes disruption to product roadmaps.</p>

<h2>Common mistakes AWS startups make</h2>
<ul>
<li>Relying on manual screenshots and spreadsheet tracking</li>
<li>Granting excessive IAM privileges for speed</li>
<li>Delaying compliance until large enterprise deals demand it</li>
<li>Failing to map overlapping controls across frameworks</li>
</ul>

<h2>2026 best practice stack</h2>
<ul>
<li>Infrastructure as Code with policy validation gates</li>
<li>Continuous cloud configuration monitoring</li>
<li>Automated IAM governance and access reviews</li>
<li>Immutable centralized logging</li>
<li>Control-to-framework mapping dashboards</li>
</ul>

<h2>Conclusion — Automation as a force multiplier</h2>
<p>For AWS startups, compliance automation is not overhead. It is a risk reduction engine that protects valuation, accelerates sales, and strengthens operational resilience. By embedding controls directly into AWS infrastructure and development workflows, startups convert compliance from reactive paperwork into continuous, measurable governance. In 2026, the fastest-growing AWS companies are those that treat compliance as code — and let automation handle the rest.</p>

CSV_COMPARISON_DATA:Platform:AWS;Audience:Startups;AutomationLevel:Continuous;PrimaryBenefit:SalesAcceleration""",https://compliance-tool.com/aws,https://calendly.com/audit-consult
ai-governance-framework-comparison-2026,2026 AI Governance Frameworks: NIST vs EU vs ISO,Comparing the three major AI frameworks. Which one should your startup adopt first to maximize valuation?,AI Governance Frameworks,Governance,25-02-2026,Frameworks:NIST/EU/ISO;Complexity:High;Audit:Variable;Valuation:Impact,"<h2>AI Governance Framework Comparison 2026 — An Executive Risk Primer</h2>
<p>By 2026 AI governance has moved from theory into the realm of executable risk controls. CTOs, CISOs, and boards are no longer asking which framework is academically superior. They are asking which combination of frameworks most effectively reduces measurable business risk: regulatory penalties, delayed enterprise sales, incurred remediation costs, and reputational loss. Two structural drivers make this urgent. First, agentic AI systems generate continuous, complex decision traces and autonomous actions that expand the universe of evidentiary artifacts. Second, the EU AI Act has converted lifecycle obligations into legal duties that directly affect market access. This comparison frames leading governance frameworks through a single lens: business risk reduction.</p>

<h2>What good governance must achieve in 2026</h2>
<p>Effective AI governance in 2026 has three practical outcomes. It must produce continuous, tamper evident evidence across the model lifecycle. It must translate technical telemetry into prioritized business level risk signals for executives and boards. And it must enable rapid, defensible responses to procurement and regulatory inquiries. Framework choice is secondary to these outcomes. The goal is to choose frameworks and tooling that minimize residual exposure while preserving engineering velocity.</p>

<h3>Core risk categories that frameworks must address</h3>
<p>Frameworks should be evaluated based on their ability to reduce four interlinked risks. First, regulatory risk, including fines, market restrictions, and enforcement actions under laws such as the EU AI Act. Second, contractual risk from failed procurement diligence, onerous SLAs, or lost deals. Third, operational risk from model drift, bias incidents, or uncontrolled retraining. Fourth, reputational risk from publicized failures that erode customer trust. The optimal governance stack reduces these risks in proportion to their business impact.</p>

<h2>Framework overview and comparative strengths</h2>

<h3>NIST AI RMF</h3>
<p>Primary focus is risk taxonomy and prioritization. NIST AI RMF excels at translating technical measures into repeatable risk scoring mechanisms that boards can understand. It is flexible and non certifiable, making it quick to adopt and valuable for organizations that need an internal language for risk tradeoffs. From a business risk perspective, NIST is a pragmatic tool to prioritize scarce engineering attention toward the highest impact controls.</p>

<h3>ISO 42001</h3>
<p>ISO 42001 defines an auditable Artificial Intelligence Management System. It requires documented policies, defined roles, supplier oversight, risk assessments, and continuous improvement. This certifiable structure is a strong signal for enterprise buyers and insurers. Implementing ISO 42001 reduces contractual friction and provides a durable defense against lifecycle related regulatory inquiries, especially in jurisdictions that value certified management systems.</p>

<h3>EU AI Act</h3>
<p>The EU AI Act is a binding regulatory regime that imposes obligations on providers and deployers of high risk AI systems. Compliance with the Act is a market access control for the EU. The Act specifies lifecycle documentation, human oversight, validation requirements, and post deployment monitoring. From a business risk lens, non alignment with the Act can block deals in EU markets and trigger significant fines and remediation mandates.</p>

<h3>ISO 27001</h3>
<p>ISO 27001 remains the baseline information security management standard. It reduces data breach risk, protects confidentiality and availability, and is widely recognized by procurement teams. For many organizations ISO 27001 is the minimum acceptable credential that shortens initial procurement hurdles. However, it does not by itself address AI specific lifecycle requirements introduced by agentic systems and the EU AI Act.</p>

<h2>How to choose frameworks as a combined, layered program</h2>
<p>Framework selection is not exclusive. The highest performing organizations adopt layered stacks that map to specific risk priorities. The typical pattern in 2026 is to combine a security baseline with a lifecycle management system and a risk taxonomy for prioritization. This layered approach converts technical artifacts into auditable evidence while also giving leadership an operational prioritization model.</p>

<h3>Recommended layered patterns</h3>
<li>Baseline security plus lifecycle governance. ISO 27001 plus ISO 42001 provides both infrastructure protection and model lifecycle defensibility.</li>
<li>Risk taxonomy plus management system. NIST AI RMF for internal prioritization layered with ISO 42001 for auditable processes and external signaling.</li>
<li>Regulatory first for EU markets. Map EU AI Act obligations directly into ISO 42001 controls and reuse ISO 27001 artifacts to reduce duplication.</li>

<h2>Operationalizing frameworks with tooling and process</h2>
<p>Frameworks are only as strong as the processes and tools that implement them. In 2026 organizations must embed evidence generation into engineering workflows so that snapshots, hashes, validation outputs, decision logs, and override records are produced automatically. Policy as code enforces gates and reduces human error. Centralized immutable evidence stores with export capabilities let auditors and buyers consume consistent packages. Finally, executive dashboards must translate low level telemetry into three board level KPIs: time to produce required evidence, percent of critical controls on continuous monitoring, and mean time to detect significant model issues.</p>

<h3>Pilot to prove business risk reduction</h3>
<p>Do not buy frameworks or tooling on faith. Run a scoped pilot that instruments a representative high risk model and simulates three scenarios: procurement diligence, an EU AI Act lifecycle request, and a post incident regulatory inquiry. Measure time to produce complete evidence, percent of artifacts produced automatically, and engineering hours required. Convert these metrics into expected revenue acceleration and avoided remediation costs to compare framework choices on business outcomes, not theory.</p>

<h2>Common pitfalls and mitigation</h2>
<p>Avoid the following common errors. First, treating frameworks as documentation exercises rather than operational programs. Second, implementing multiple frameworks without mapping artifacts for reuse, which creates duplication and increases audit fatigue. Third, neglecting organizational process changes such as control ownership and review cadence. Mitigate these by automating artifact capture, mapping controls across frameworks early, and publishing board level KPIs that track risk reduction.</p>

<h2>Strategic conclusion</h2>
<p>Framework choice in 2026 is a capital allocation decision aimed at reducing the highest probability and highest impact business risks. The most defensible approach is a layered hybrid: use NIST AI RMF for prioritization and internal alignment, adopt ISO 42001 to operationalize lifecycle governance and provide an auditable management system, and maintain ISO 27001 as the baseline security posture. Map EU AI Act obligations into this stack where EU market access matters. When implemented with automation, policy as code, and measurable pilots, this layered strategy turns governance into a durable business risk control rather than a compliance burden.</p>

CSV_COMPARISON_DATA:FrameworksCompared:NIST%3AISO42001%3AEUAIAct%3AISO27001;BestFor:RegulatoryAlignment;AgenticAICoverage:High;BusinessRiskReduction:LayeredHybrid""",https://compliance-tool.com/governance,https://calendly.com/audit-consult
